nodev,nPathsTime,nPathsDist,nPathsHops,cbHops,cbDist,cbTime
3078,164630,201461,176784,0.009348975316682894,0.010653984049881509,0.008706227975300395
2091,321353,521506,145498,0.007694458834661099,0.027579117575697063,0.016994305281824138
7235,113645,41077,316825,0.016754848316069656,0.002172299863581451,0.006009957348314483
57,618857,766547,458363,0.02423988807290661,0.04053776915375443,0.03272738945581289
2224,137247,55319,162668,0.008602470341287522,0.0029254681732712295,0.007258116205588612
2599,357095,428251,252025,0.013327990678947226,0.0226474569437549,0.01888447111000361
596,650873,400510,77596,0.0041035562532430875,0.021180412843270126,0.03442051096985783
3211,334736,360591,245123,0.01296298803370928,0.019069352194870586,0.017702046574379838
425,94593,8640,8640,0.00045691435161632394,0.00045691435161632394,0.00500241889611608
3591,126522,121354,117750,0.006227044548937748,0.006417637063199927,0.006690939536481544
2729,152418,179591,145501,0.007694617485477633,0.00949741959735269,0.008060413384798248
2448,25936,84231,25936,0.0013715891925371502,0.004454438975809558,0.0013715891925371502
2089,220880,222640,48380,0.0025585088346293697,0.011774005931002125,0.011680930785302504
3725,181376,179023,214212,0.011328302903754165,0.009467381709422356,0.00959181683319009
3122,295371,301593,315411,0.016680070897876893,0.015949325236923842,0.015620283443433474
2356,556754,446688,151693,0.008022072770802665,0.023622471978563948,0.029443158902754032
3640,1075372,8653,8653,0.00045760183848796886,0.00045760183848796886,0.0568695486257349
2275,94026,168433,95296,0.005039596070790417,0.008907344327059292,0.004972433891791259
978,75857,138304,45863,0.0024254007995578083,0.007314014176613897,0.004011591663259199
370,691382,201068,84877,0.00448860178496976,0.010633200792915628,0.03656277294550894
1291,174800,148907,264198,0.01397174280883444,0.007874739045848605,0.009244054243348777
667,135308,130461,117815,0.006230481983295973,0.006899248058589958,0.007155574894502495
2038,159627,181890,145055,0.007671031397419661,0.00961899900642282,0.008441651296928119
74,400849,427802,309094,0.016346005161862968,0.022623712204880395,0.021198340385538406
1884,114456,361307,23089,0.0012210295676469102,0.01910721685641657,0.006052845952384024
1233,4326,4326,4326,0.00022877447744122886,0.00022877447744122886,0.00022877447744122886
2433,81331,105153,57872,0.003060480018141192,0.005560869770313809,0.004301076519827227
434,1434225,994610,2165122,0.11449945773150909,0.052598562877443515,0.0758469891142271
1579,21612,69930,21612,0.0011429204823069437,0.0036981505333946217,0.0011429204823069437
2116,619547,132521,101429,0.005363931223390292,0.007008188285942924,0.03276387914361559
2157,107995,172163,129046,0.006824417756791682,0.009104600175615877,0.005711164977176494
1572,203498,399996,82063,0.004339787319061388,0.021153230670037396,0.010761707954307718
2765,103549,166021,60895,0.0032203471576013943,0.008779789070566403,0.005476044467073927
2719,233587,238127,225083,0.011903200579265862,0.012593014329553284,0.012352922760532669
197,55587,111269,48618,0.002571095132741023,0.005884305901619994,0.0029396409795482176
1154,1887208,8647,8647,0.00045728453685490197,0.00045728453685490197,0.09980236338948374
3644,1075372,17301,4329,0.0002289331282577623,0.000914939258948382,0.0568695486257349
3116,295371,301593,315411,0.016680070897876893,0.015949325236923842,0.015620283443433474
1422,120764,120764,120764,0.00638643573594835,0.00638643573594835,0.00638643573594835
2464,86167,191994,65257,0.0034510254448410246,0.010153334956507465,0.004556821636079142
141,66223,553906,49948,0.0026414303280708506,0.029292546394258278,0.003502111007764794
7536,29470,42790,48934,0.0025878063520825456,0.002262889479822049,0.0015584798544135494
2699,4698,4684,8219,0.0004346503536961304,0.00024770680821422004,0.00024844717869137615
284,73265,109101,22524,0.001191150330533111,0.005769654244871824,0.0038745173577743024
849,955179,761689,191805,0.010143339955065857,0.04028086059818127,0.05051330942853341
2691,49231,30242,30242,0.001599305997868156,0.001599305997868156,0.002603512782919357
542,477419,437001,628817,0.03325411016670393,0.023110188491977452,0.025247638059527056
1556,77731,77731,77731,0.0041106955399870925,0.0041106955399870925,0.0041106955399870925
78,7338,69902,4307,0.00022776968893651703,0.0036966697924403096,0.00038805989724080846
4063,318859,330138,140676,0.007439454088886341,0.017458887756239577,0.01686241356967933
1681,102580,236885,158819,0.00839892134367511,0.012527332891508437,0.005424800253333624
1170,422701,639575,230424,0.012185651916300905,0.03382303199479287,0.022353952933168025
942,823845,655712,390239,0.020637245331065122,0.03467641473692627,0.04356789398233222
1637,281199,289538,292426,0.015464541225203143,0.015311813372486945,0.014870816986129477
4601,198873,200283,155244,0.008209862453972754,0.010591687162589377,0.010517121278818656
3816,101317,113322,100939,0.005338018256689829,0.005992875943734382,0.005358008259573043
7293,8912,24336,17174,0.0009082230410484662,0.0012869754237193123,0.00047129869231535634
198,38875,104149,44176,0.0023361861570605005,0.005507774630380616,0.002055850164245902
749,133674,133674,133674,0.007069163083097279,0.007069163083097279,0.007069163083097279
7269,197214,7342,4981,0.0002634132390510312,0.00038827143166285307,0.01042938737727566
2479,454332,471860,345011,0.01824542562100689,0.02495365809649058,0.024026714259091166
1304,1075372,833160,21625,0.0011436079691785886,0.04406050476766857,0.0568695486257349
7071,41514,456246,41493,0.002194299443474089,0.024127933480039505,0.002195409999189823
2654,185666,159996,108050,0.005714073575479607,0.008461165347361733,0.009818687500832916
1999,33613,26586,28978,0.0015324611205020642,0.0014059635361193968,0.001777576632046238
3862,232749,88671,232672,0.012304534261489967,0.004689242184279058,0.012308606299114327
7014,4347,26732,4326,0.00022877447744122886,0.0014136845425240245,0.00022988503315696297
4087,25925,25925,25925,0.0013710074728765275,0.0013710074728765275,0.0013710074728765275
7150,113635,213639,35254,0.001864358628690033,0.011298000597796277,0.006009428512259372
4058,362315,377530,164663,0.008707973134282263,0.019965147588623933,0.019160523530771807
1351,182764,516786,96541,0.0051054361596517975,0.027329506957684442,0.009665219277639563
3543,42954,187180,42877,0.002267490353501519,0.009898753279576795,0.0022715623911258773
1265,174800,148907,264198,0.01397174280883444,0.007874739045848605,0.009244054243348777
460,97640,105539,150631,0.007965910381749826,0.005581282842041113,0.00516355524210855
4196,255442,302198,170490,0.009016125903595726,0.015981319818258087,0.013508693958978822
2173,4327,4327,4327,0.00022882736104674,0.00022882736104674,0.00022882736104674
104,87621,495784,24720,0.0013072827282355935,0.0262188454747393,0.004633714398492352
4129,97177,79102,160996,0.008514048952872881,0.004183198963142877,0.005139070132756888
2088,98756,101192,91437,0.004835518237122895,0.00535139780888415,0.005222573345858992
4771,25787,31860,43505,0.00230070125776252,0.0016848716715851945,0.001363709535315989
6911,51862,51862,51862,0.002742649549019189,0.002742649549019189,0.002742649549019189
655,135308,130461,117815,0.006230481983295973,0.006899248058589958,0.007155574894502495
2493,52389,68408,39060,0.0020656336312654647,0.0036176616858066535,0.0027705192091235643
6868,133685,133685,133685,0.007069744802757901,0.007069744802757901,0.007069744802757901
4314,45959,43377,37600,0.0019884235672191874,0.002293932156257093,0.0024304776256868785
1504,748118,654913,803884,0.042512284332724186,0.03463416073612287,0.03956317718778947
2027,53758,51848,54300,0.0028715797792553694,0.002741909178542033,0.002842916865068327
939,188150,188150,188303,0.009958141568565816,0.00995005037692261,0.00995005037692261
2987,154160,99586,53621,0.0028356718111132995,0.005266466738433245,0.008152536625598669
3451,635890,492621,42272,0.002235495772167274,0.026051574630507536,0.03362815590848429
2374,102852,115239,71176,0.003764043505861513,0.006094253815499254,0.005439184594032656
442,118279,121184,968247,0.051204392385353105,0.006408646850263032,0.006255019976253146
279,350968,371389,648055,0.03427148496952741,0.019640389367179968,0.018560453259036803
334,4333,4333,4333,0.0002291446626798069,0.0002291446626798069,0.0002291446626798069
207,399103,439458,214745,0.011356489865491606,0.023240123510718344,0.02110600561031594
3507,42915,186993,42839,0.002265480776492095,0.009888864045346212,0.0022694999305109425
731,989801,963315,1844222,0.0975291087229815,0.05094357044297212,0.0523442456185404
935,759880,552917,339895,0.017974873095211855,0.029240244508407752,0.0401851941558116
3528,32321,31198,35274,0.001865416300800256,0.0016498627247368142,0.001709251013725834
1058,770285,768205,763697,0.040387050878047656,0.04062545017169191,0.0407354480711551
3512,42915,186993,42839,0.002265480776492095,0.009888864045346212,0.0022694999305109425
3510,42915,186993,42839,0.002265480776492095,0.009888864045346212,0.0022694999305109425
2832,34607,34600,34600,0.0018297727506857418,0.0018297727506857418,0.0018301429359243197
1004,49399,49718,45055,0.0023826708463048005,0.002629267098803286,0.0026123972286452297
2450,25936,84231,25936,0.0013715891925371502,0.004454438975809558,0.0013715891925371502
2751,56172,56172,56172,0.0029705778887722393,0.0029705778887722393,0.0029705778887722393
2506,86325,101383,59237,0.00313266613966391,0.005361498577536779,0.004565177245749903
2536,86325,101383,59237,0.00313266613966391,0.005361498577536779,0.004565177245749903
6892,107888,107888,107888,0.0057055064313868,0.0057055064313868,0.0057055064313868
1189,123735,13529,77690,0.004108527312161135,0.0007154622989603295,0.006543552927921973
396,252324,59262,51481,0.0027225008953194415,0.0031339882298016884,0.01334380287699506
3212,334736,360591,245123,0.01296298803370928,0.019069352194870586,0.017702046574379838
3490,272858,484930,83540,0.004417896404401355,0.025644846820521292,0.014429714832560985
774,133674,133674,133674,0.007069163083097279,0.007069163083097279,0.007069163083097279
1065,770285,768205,763697,0.040387050878047656,0.04062545017169191,0.0407354480711551
3474,334884,334884,335114,0.017722036577263053,0.017709873347995488,0.017709873347995488
2774,12950,295526,8646,0.00045723165324939083,0.015628480402287703,0.0006848426913693745
3811,823667,555637,4326,0.00022877447744122886,0.029384087915398076,0.04355848070055124
1318,176546,137251,358547,0.018961258105205797,0.007258327740010657,0.009336389018571242
4392,4327,4327,4327,0.00022882736104674,0.00022882736104674,0.00022882736104674
2798,118813,120580,643031,0.0340057977354394,0.006376705152534298,0.0062832598215960996
2148,442166,456997,379835,0.02008704429932713,0.02416764906777838,0.023383332314442534
191,38875,104149,44176,0.0023361861570605005,0.005507774630380616,0.002055850164245902
2682,365665,379860,935703,0.049483348327598285,0.020088366389464908,0.019337683609234154
3149,253595,230570,235454,0.012451656452021984,0.012193372922705534,0.01341101793959973
2164,40889,40218,70215,0.0037132223609652993,0.0021268728464473746,0.0021623577457453554
2142,364130,17005,17287,0.0009141988884712259,0.000899285711717082,0.019256507274774542
2026,53758,51848,54300,0.0028715797792553694,0.002741909178542033,0.002842916865068327
471,57867,8640,8640,0.00045691435161632394,0.00045691435161632394,0.003060215600113636
2380,102852,115239,71176,0.003764043505861513,0.006094253815499254,0.005439184594032656
1445,162700,228196,133592,0.0070648266274453645,0.012067827243222067,0.008604162616663878
2665,162446,154899,93560,0.004947790131623064,0.008191617610071408,0.008590730180864046
4111,47937,47937,47642,0.002519480733762142,0.0025350813973879305,0.0025350813973879305
299,705824,876722,946784,0.050069351560267324,0.046364220390945225,0.03732651797630095
519,565997,654358,164378,0.008692901306711586,0.03460481033506418,0.02993196206849358
1069,59684,57604,53096,0.0028079079182199464,0.0030463072118642044,0.0031563051113273934
4471,80888,30256,32622,0.0017251689789846898,0.001600046368345312,0.004277649082585789
772,133674,133674,133674,0.007069163083097279,0.007069163083097279,0.007069163083097279
1918,641237,630611,586432,0.031012638547113898,0.03334898335499093,0.033910924547152395
286,711166,339793,64679,0.0034204587208555804,0.017969478967449718,0.03760902219694151
2143,364130,264481,341968,0.018084500809436466,0.013986708869194094,0.019256507274774542
359,133114,17302,17302,0.0009149921425538932,0.0009149921425538932,0.007039548264011035
3040,297918,302765,315411,0.016680070897876893,0.01601130482258291,0.01575497798667037
4138,23670,24975,16365,0.0008654402041899469,0.0013207680476409365,0.0012517549424488875
1377,224905,173210,102781,0.005435429858041365,0.00915996931058605,0.011893787297484876
4174,68637,60794,27599,0.0014595346285021904,0.003215005913444768,0.003629772031468707
2585,30256,30256,30256,0.001600046368345312,0.001600046368345312,0.001600046368345312
255,86063,360030,79333,0.004195415076015952,0.019039684492178834,0.004551321741105983
7600,45673,56049,20337,0.0010754938852802292,0.002964073205294368,0.00241535291451069
342,267403,187162,164173,0.0086820601675818,0.009897801374677596,0.01414123476449767
2165,40889,40218,70215,0.0037132223609652993,0.0021268728464473746,0.0021623577457453554
3193,70899,71179,70013,0.0037025398726520473,0.0037642021566780463,0.0037493947471349248
3147,253595,230570,235454,0.012451656452021984,0.012193372922705534,0.01341101793959973
1542,410557,420571,163868,0.0086659306679009,0.02224131085342928,0.021711734427840638
2002,71507,102683,97805,0.0051722810370178895,0.005430247264701272,0.0037815479792857034
1366,904445,900056,373095,0.01973060879818199,0.04759820644194237,0.0478303125865308
2050,128575,170728,70558,0.0037313614376556234,0.00902871220170738,0.006799509578595932
1112,416467,8651,8651,0.0004574960712769466,0.0004574960712769466,0.022024276536411525
1209,415108,635767,230348,0.012181632762282058,0.03362165122500641,0.021952407716521873
3782,168390,152225,80949,0.004280874982521969,0.008050206848934597,0.008905070332022313
3437,334884,334884,335114,0.017722036577263053,0.017709873347995488,0.017709873347995488
7084,133685,133685,133685,0.007069744802757901,0.007069744802757901,0.007069744802757901
1014,137121,219252,192225,0.010165551069380541,0.011594836275530354,0.007251452871294208
5,412874,404717,1878535,0.09934370387888554,0.02140289417165553,0.02183426574180997
4292,82784,95509,79774,0.004218736746046369,0.005050860278764292,0.004377916398634926
6891,107888,107888,107888,0.0057055064313868,0.0057055064313868,0.0057055064313868
1293,375310,408659,301885,0.015964767249733097,0.021611361344580478,0.01984774598438918
3396,99271,99271,99271,0.005249808402697233,0.005249808402697233,0.005249808402697233
4164,332990,372247,150774,0.00797347273733792,0.019685763500708536,0.017609711799157372
2651,220728,221081,249724,0.013206305502666073,0.011691560390010245,0.01167289247726481
3647,560832,12976,8653,0.00045760183848796886,0.0006862176651126643,0.029658818246028493
2981,482342,499638,329244,0.01741160981291261,0.026422658890379265,0.02550798404945844
2475,163483,169500,188568,0.00997215572402627,0.008963771134139688,0.008645570479779107
3002,64780,64780,64780,0.0034257999650122066,0.0034257999650122066,0.0034257999650122066
2706,103313,226025,31353,0.0016580596835910422,0.011953016935657363,0.005463563936173295
3222,101317,113322,100939,0.005338018256689829,0.005992875943734382,0.005358008259573043
2093,142076,305281,72565,0.0038374988339164983,0.016144359974048957,0.007513491136601949
387,1236425,520263,573462,0.0303267381836343,0.027513383254046706,0.06538661194412192
2168,40889,40218,70215,0.0037132223609652993,0.0021268728464473746,0.0021623577457453554
2436,81331,105153,57872,0.003060480018141192,0.005560869770313809,0.004301076519827227
1828,83789,83049,60704,0.003210246388948765,0.00439193055409538,0.0044310644221736304
388,118971,219900,56106,0.0029670875708085035,0.011629104851901578,0.00629161543126686
883,199801,221100,124665,0.006592734681047341,0.011692565178514957,0.010566197264733002
2318,91644,107781,69921,0.0036976745809450214,0.005699847885597108,0.004846465143463703
4071,25928,25928,44894,0.0023741565858175053,0.001371166123693061,0.001371166123693061
4022,114392,114164,103566,0.005476943488367616,0.006037403939574769,0.0060494614016313114
332,8664,8664,8664,0.0004581835581485915,0.0004581835581485915,0.0004581835581485915
2975,22512,29417,20453,0.0010816283835195224,0.0015556770233214586,0.0011905157272669774
4180,129574,124776,102921,0.005442833562812926,0.0065986047612590784,0.006852340300501569
3321,88020,200284,206818,0.010937281524604731,0.010591740046194887,0.0046548149570913005
1037,29214,26254,25943,0.0013719593777757283,0.0013884061790896956,0.0015449416514026954
254,86063,360030,79333,0.004195415076015952,0.019039684492178834,0.004551321741105983
2642,140170,166910,146219,0.007732587914234638,0.008826802595865813,0.0074126949844976996
2125,806047,370704,93210,0.004929280869694162,0.01960416409740483,0.0426266715714448
1604,246851,380716,152136,0.008045500208044103,0.02013363475578245,0.013054370904032544
964,143782,119827,88177,0.004663117683156551,0.006336883797584404,0.007603710567603969
1306,1075372,837483,1357477,0.07178827815845748,0.04428912059429327,0.0568695486257349
1766,103549,166021,60895,0.0032203471576013943,0.008779789070566403,0.005476044467073927
3606,235653,235653,235883,0.012474343518786266,0.012462180289518702,0.012462180289518702
900,154953,162635,91029,0.004813941726074346,0.008600725182305653,0.00819447332476901
3770,60492,60492,60492,0.003199035064580401,0.003199035064580401,0.003199035064580401
175,982807,1271750,550183,0.029095660730940272,0.06725472530880323,0.05197437768159543
4199,58869,63275,32861,0.0017378081607018544,0.003346210138717928,0.003113204972835807
1033,95021,230084,56198,0.0029719528625155294,0.012167671490427115,0.005025053079274851
7076,257056,259864,262618,0.013888186712126825,0.013742545262549121,0.013594048098273815
1144,766996,764188,761434,0.04026737527877593,0.04041301672835363,0.040561513892628936
2333,149493,202823,150036,0.007934444636470693,0.010726011520587693,0.007905728838678138
1396,984542,1019109,914807,0.04837829250683732,0.053894158328861144,0.05206613073715727
4072,25928,25928,44894,0.0023741565858175053,0.001371166123693061,0.001371166123693061
6894,107888,107888,107888,0.0057055064313868,0.0057055064313868,0.0057055064313868
2389,231265,90197,740152,0.03914190638628766,0.00476994256628907,0.012230127028535782
2679,365665,379860,935703,0.049483348327598285,0.020088366389464908,0.019337683609234154
2828,34607,34600,34600,0.0018297727506857418,0.0018297727506857418,0.0018301429359243197
2445,151114,168887,117070,0.006191083697190167,0.008931353483961355,0.00799145316321171
2195,200877,598153,114908,0.006076749342075064,0.03163248728731007,0.010623100024262998
536,122383,120746,343041,0.01814124491814993,0.00638548383104915,0.006472054293270899
1734,75211,75406,44790,0.002368656690844346,0.003987741157173672,0.003977428854098998
3491,272858,484930,83540,0.004417896404401355,0.025644846820521292,0.014429714832560985
1250,726925,692782,1316199,0.06960534869016828,0.03663680999322455,0.0384424149361917
1900,629118,371603,212630,0.011244641039835527,0.019651706458759355,0.03327002813196279
3215,334736,360591,245123,0.01296298803370928,0.019069352194870586,0.017702046574379838
3477,4318,590066,4318,0.00022835140859713967,0.031204817569541413,0.00022835140859713967
1513,126370,122380,232157,0.012277299204651726,0.006471895642454366,0.0066829012284438495
2606,134964,173505,73893,0.003907728262035304,0.00917556997421184,0.00713738293420666
3869,232749,88671,232672,0.012304534261489967,0.004689242184279058,0.012308606299114327
155,386163,913738,195918,0.010360850224533213,0.0483217599325459,0.020421691755001678
3592,235653,235653,235883,0.012474343518786266,0.012462180289518702,0.012462180289518702
1230,465430,685521,281631,0.014893662703710293,0.0362528221336081,0.024613616513053896
3675,275108,275108,275113,0.014548967362988626,0.01454870294496107,0.01454870294496107
799,47519,48544,47424,0.0025079521077607113,0.002567181745933198,0.0025129760502842703
1494,449035,445036,156240,0.008262534525061859,0.02353510826225953,0.023746589800698614
2223,204102,154661,256370,0.013557769944893168,0.008179031311959755,0.010793649652036453
452,46113,90201,50360,0.0026632183735414436,0.004770154100711115,0.0024386217009355958
1273,174800,148907,264198,0.01397174280883444,0.007874739045848605,0.009244054243348777
87,40498,125544,14896,0.0007877541876940696,0.00663921937029164,0.002141680255990496
1480,120764,120764,120764,0.00638643573594835,0.00638643573594835,0.00638643573594835
7339,21627,21627,21627,0.001143713736389611,0.001143713736389611,0.001143713736389611
3874,271337,271337,4327,0.00022882736104674,0.014349278868578529,0.014349278868578529
7182,37577,37597,37553,0.0019859380377601635,0.0019882649164026543,0.0019872072442924313
1068,59684,57604,53096,0.0028079079182199464,0.0030463072118642044,0.0031563051113273934
2578,30256,30256,30256,0.001600046368345312,0.001600046368345312,0.001600046368345312
2118,94650,69302,69854,0.0036941313793757745,0.0036649396291336205,0.005005433261630215
1647,177072,373004,64528,0.003412473296423397,0.019725796390080475,0.009364205795070106
4017,79864,97330,15639,0.000827046706588853,0.0051471613244000935,0.0042234962705423726
1896,629118,371603,212630,0.011244641039835527,0.019651706458759355,0.03327002813196279
3375,99271,99271,99271,0.005249808402697233,0.005249808402697233,0.005249808402697233
854,33984,58447,29713,0.0015713305705527586,0.0030908880913101027,0.0017971964496908742
1945,18166,18411,19788,0.0010464607858546085,0.000973640061065757,0.0009606835777155255
1410,171179,171498,461289,0.024394625502632227,0.009069432577950964,0.009052562707792908
3623,253767,255847,260355,0.013768511112855096,0.013530111819210837,0.013420113919747649
4095,196573,238923,137629,0.007278317742893871,0.012635109679540159,0.010395488986143014
2922,25953,26626,24499,0.0012955954514176297,0.0014080788803398428,0.0013724882138308398
1229,94026,168433,95296,0.005039596070790417,0.008907344327059292,0.004972433891791259
18,103443,106122,93819,0.004961486985450451,0.005612113984054112,0.005470438804889745
1509,223141,201685,393153,0.020791348157524606,0.010665829977516006,0.011800500617363211
3408,258122,145024,110138,0.005824494543786885,0.007669392005648815,0.0136504220217487
7201,14242,14110,14062,0.0007436492606977717,0.0007461876737623068,0.0007531683096897784
522,172194,235056,526205,0.027827617637993952,0.012430608777028547,0.009106239567386723
1456,184162,224231,160274,0.00847586698969383,0.011858143747370363,0.00973915055814415
2019,53758,51848,54300,0.0028715797792553694,0.002741909178542033,0.002842916865068327
7204,10340,10148,10052,0.0005315860025980658,0.000536662828727136,0.0005468164809852766
2658,169660,160894,56937,0.003011033846988268,0.008508654825110743,0.008972232511021472
25,215348,305603,263745,0.013947786535537889,0.01616138849502355,0.011388378679614829
2780,63253,109746,27707,0.0014652460578973945,0.005803764170426514,0.003345046699396683
1021,53606,110043,49907,0.0026392621002448934,0.005819470601263326,0.002834878557030632
2235,44833,40655,69888,0.003695929421963154,0.0021499829820557466,0.0023709306858813255
4121,479049,190473,143797,0.007604503821686636,0.010072898992525009,0.025333838336510227
713,924864,940983,1663696,0.08798224295447589,0.04976257376469715,0.04891014292746294
2945,470986,499306,328106,0.017351428269840923,0.026405101533349566,0.024907437825273836
3575,80033,91333,76918,0.004067701168706529,0.004830018342149736,0.004232433599873756
178,615858,547638,153418,0.008113296990309396,0.0289610719549144,0.03256879152288496
1092,31117,28186,98394,0.0052034294806639556,0.0014905773049372346,0.0016455791526904112
7532,17294,17294,17294,0.0009145690737098039,0.0009145690737098039,0.0009145690737098039
3207,334736,360591,245123,0.01296298803370928,0.019069352194870586,0.017702046574379838
876,55553,66868,60241,0.003185761279597103,0.0035362209333194847,0.0029378429369608383
356,133114,17302,17302,0.0009149921425538932,0.0009149921425538932,0.007039548264011035
2806,30243,30243,30243,0.0015993588814736672,0.0015993588814736672,0.0015993588814736672
3950,137247,55319,162668,0.008602470341287522,0.0029254681732712295,0.007258116205588612
3483,23295,26042,53535,0.0028311238210393407,0.001377194854721332,0.0012319235903822067
180,4323,4323,4323,0.00022861582662469542,0.00022861582662469542,0.00022861582662469542
339,267403,187162,164173,0.0086820601675818,0.009897801374677596,0.01414123476449767
2720,59590,41268,76843,0.004063734898293192,0.0021824006322340808,0.0031513340524093455
3654,1084711,825315,1447582,0.07655335543303952,0.04364563288243361,0.05736342861760351
1959,67181,80508,64997,0.003437275707408126,0.004257553312491552,0.0035527735018444744
1501,406229,389752,579647,0.030653823283720755,0.020611491015181192,0.021482854183188387
4156,19456,36928,57584,0.0030452495397539814,0.0019528857843156956,0.0010289034288249073
4600,234648,276370,160827,0.008505111623541497,0.01461544205511614,0.012409032265979997
3901,99231,99231,99231,0.005247693058476787,0.005247693058476787,0.005247693058476787
1642,129320,237994,63291,0.0033470562764061065,0.012585980810020301,0.006838907864701737
851,955179,761689,191805,0.010143339955065857,0.04028086059818127,0.05051330942853341
2327,148934,153263,128427,0.0067916828049802815,0.008105100031455169,0.007876166903197406
30,4305,770247,31482,0.0016648816687019803,0.04073343849414568,0.00022766392172549475
2103,132016,319865,80802,0.004273101092511829,0.01691561447682355,0.006981482065159794
3976,114202,114202,103561,0.005476679070340061,0.0060394135165841925,0.0060394135165841925
4043,79458,97533,15639,0.000827046706588853,0.005157896696318857,0.004202025526704845
539,146150,227718,192696,0.010190459247576292,0.012042548879787738,0.007728938945454369
1052,152991,231465,232496,0.012295226746920006,0.012240703749638012,0.008090715690756136
2045,128575,170728,70558,0.0037313614376556234,0.00902871220170738,0.006799509578595932
4726,152418,179591,145501,0.007694617485477633,0.00949741959735269,0.008060413384798248
4165,94026,168433,95296,0.005039596070790417,0.008907344327059292,0.004972433891791259
6902,107888,107888,107888,0.0057055064313868,0.0057055064313868,0.0057055064313868
1792,71038,103374,42314,0.002237716883598742,0.005466789836109476,0.0037567455683009746
3866,232749,88671,232672,0.012304534261489967,0.004689242184279058,0.012308606299114327
616,35904,277767,781557,0.04133155207247677,0.014689320452015214,0.0018987329722722796
1043,493923,866312,332923,0.017606168597588127,0.04581370205757417,0.026120429084883053
1596,60793,53332,39419,0.0020846188456439666,0.002820388449120577,0.003214953029839257
7265,555234,4321,944161,0.04993063786301158,0.0002285100594136731,0.029362775822377084
242,399174,539163,184725,0.009768924028046926,0.028512883398207414,0.021109760346307235
2146,93703,312718,76272,0.0040335383595463264,0.01653765534823537,0.004955352487211157
3487,272858,484930,83540,0.004417896404401355,0.025644846820521292,0.014429714832560985
1026,699424,279031,731876,0.038704241667077394,0.014756165329381307,0.0369880629010296
290,100965,130077,39229,0.0020745709605968486,0.006878940754073677,0.005339393230433119
1163,422701,639575,230424,0.012185651916300905,0.03382303199479287,0.022353952933168025
2820,120172,121070,192581,0.010184377632942509,0.0064026181192347615,0.00635512864148575
3992,114202,114202,103561,0.005476679070340061,0.0060394135165841925,0.0060394135165841925
2451,305222,311031,237790,0.012575192554496026,0.01644844070573806,0.0161412398413238
3755,96771,79305,160996,0.008514048952872881,0.00419393433506164,0.005117599388919362
3835,95393,110558,95198,0.005034413477450325,0.005846705658101568,0.005044725780524999
852,955179,761689,191805,0.010143339955065857,0.04028086059818127,0.05051330942853341
589,613730,435639,142232,0.007521740979061688,0.023038161021271267,0.032456255210357235
217,323065,430686,71627,0.003787894011947041,0.022776228523174548,0.017084842014459225
2730,117848,145021,34565,0.0018279218244928515,0.007669233354832282,0.0062322271422778405
3205,332990,372247,150774,0.00797347273733792,0.019685763500708536,0.017609711799157372
3336,88020,200284,206818,0.010937281524604731,0.010591740046194887,0.0046548149570913005
1185,687966,1120697,313888,0.016599529166683412,0.05926649804552771,0.03638212254908286
7306,313451,4327,4327,0.00022882736104674,0.00022882736104674,0.01657641903107504
1979,286361,314690,148371,0.00784639343329463,0.016641941818303356,0.015143802157778026
3015,74008,65960,68630,0.003629401846230129,0.003488202619515362,0.003913809876669086
2704,123627,236923,62273,0.003293220765995757,0.01252934246851786,0.0065378414985267684
2712,12973,12973,12973,0.0006860590142961308,0.0006860590142961308,0.0006860590142961308
2190,828075,638651,87627,0.004634031700125419,0.033774167543300565,0.04379159163364438
7085,133685,133685,133685,0.007069744802757901,0.007069744802757901,0.007069744802757901
3900,99231,99231,99231,0.005247693058476787,0.005247693058476787,0.005247693058476787
159,50258,71136,66623,0.0035232644499692536,0.003761928161641067,0.0026578242457793067
898,154953,162635,91029,0.004813941726074346,0.008600725182305653,0.00819447332476901
2812,140271,316441,338594,0.01790607152444185,0.016734541011553375,0.007418036228654326
3593,235653,235653,235883,0.012474343518786266,0.012462180289518702,0.012462180289518702
7291,27895,26545,8887,0.00046997660217757765,0.0014037953082934396,0.0014751881757334904
2531,202519,216772,212595,0.011242790113642638,0.011463684933862706,0.010709934904512304
3851,101317,113322,100939,0.005338018256689829,0.005992875943734382,0.005358008259573043
1473,120764,120764,120764,0.00638643573594835,0.00638643573594835,0.00638643573594835
694,142183,135961,122143,0.006459362227948224,0.007190107888901276,0.007519149682391642
2340,59593,96731,58423,0.003089618884777835,0.005115484044698916,0.0031514927032258787
6920,30235,30235,30235,0.001598935812629578,0.001598935812629578,0.001598935812629578
3966,114202,114202,103561,0.005476679070340061,0.0060394135165841925,0.0060394135165841925
7282,9079,61246,10745,0.0005682343412172918,0.0032389093031358076,0.00048013025443571815
27,1580037,843099,685948,0.036275403433161366,0.044586114922843874,0.08355805340101871
2385,231743,47498,543635,0.028749378882053273,0.0025118654945685366,0.012255405391970111
1292,375310,408659,301885,0.015964767249733097,0.021611361344580478,0.01984774598438918
1141,766996,764188,761434,0.04026737527877593,0.04041301672835363,0.040561513892628936
1152,565630,2168661,2575893,0.1362225092509291,0.11468661281141304,0.029912553785270985
880,199801,221100,124665,0.006592734681047341,0.011692565178514957,0.010566197264733002
1450,184162,224231,160274,0.00847586698969383,0.011858143747370363,0.00973915055814415
189,38875,104149,44176,0.0023361861570605005,0.005507774630380616,0.002055850164245902
3447,462490,361511,320494,0.016948878264690062,0.019118005111940842,0.02445813871285112
4106,47458,47458,47458,0.0025097501503480906,0.0025097501503480906,0.0025097501503480906
121,135068,175651,115672,0.006117152416685582,0.009289058191638763,0.00714288282917982
3548,164188,452568,174752,0.009241515830284241,0.0239334275789695,0.008682853421664466
3026,297918,302765,315411,0.016680070897876893,0.01601130482258291,0.01575497798667037
966,799666,666293,451539,0.02387901034889853,0.03523597616683974,0.04228922128467816
4755,263698,192167,82095,0.004341479594437744,0.010162483820260894,0.013945301006078865
7270,400319,93466,773890,0.040926093469022796,0.004942819072705016,0.0211703120746175
728,151954,124468,1923112,0.10170109636175602,0.006582316610761645,0.008035875391841075
355,143689,28013,38004,0.0020097885438456918,0.0014814284411838058,0.007598792392291432
2811,30243,30243,30243,0.0015993588814736672,0.0015993588814736672,0.0015993588814736672
2087,98756,101192,91437,0.004835518237122895,0.00535139780888415,0.005222573345858992
3309,248892,143969,97308,0.005145997885078848,0.007613599801834553,0.013162306342880799
2268,304697,270775,330378,0.017471579821562253,0.014319558282281264,0.016113475948430447
11,456693,483826,952397,0.050366187238001396,0.025586463320036983,0.02415157245170299
1200,236186,349770,533831,0.02823090801362197,0.018497098699634448,0.012490367251256145
4091,136300,178273,68707,0.0036334738838544873,0.009427719005288996,0.007208035431169555
680,137855,131633,117815,0.006230481983295973,0.006961227644249024,0.007290269437739391
2931,25953,26626,24499,0.0012955954514176297,0.0014080788803398428,0.0013724882138308398
1393,2451075,441590,561133,0.02967473621128735,0.02335287135766811,0.12962168337823857
2921,84816,25768,192962,0.010204526286642257,0.0013627047468112773,0.00448537588503358
4352,87734,82562,63288,0.003346897625589573,0.004366176238211451,0.004639690245915111
1463,55723,60392,33678,0.0017810140664044627,0.0031937467040292866,0.002946833149897734
443,83566,89907,95514,0.005051124696791848,0.004754606320690837,0.004419271378144644
3995,470986,499306,328106,0.017351428269840923,0.026405101533349566,0.024907437825273836
262,539834,690648,206809,0.010936805572155131,0.03652395637906376,0.028548368297505396
4273,274011,362312,148627,0.007859931636305483,0.019160364879955274,0.01449068962971534
1932,477238,268961,154681,0.008180088984069977,0.014223627421884039,0.025238066126929536
1334,176546,137251,358547,0.018961258105205797,0.007258327740010657,0.009336389018571242
856,401466,398846,170798,0.00903241405409316,0.021092414523699577,0.021230969570138786
3099,64780,64780,64780,0.0034257999650122066,0.0034257999650122066,0.0034257999650122066
330,21643,21643,21643,0.0011445598740777892,0.0011445598740777892,0.0011445598740777892
448,24129,46313,36466,0.0019284535585695451,0.0024491984220378253,0.0012760285173785046
1255,8879,8880,10318,0.0005456530416640313,0.0004696064169389996,0.0004695535333334885
2470,86167,191994,65257,0.0034510254448410246,0.010153334956507465,0.004556821636079142
6876,133685,133685,133685,0.007069744802757901,0.007069744802757901,0.007069744802757901
341,267403,187162,164173,0.0086820601675818,0.009897801374677596,0.01414123476449767
3643,1075372,17301,8653,0.00045760183848796886,0.000914939258948382,0.0568695486257349
3980,114202,114202,103561,0.005476679070340061,0.0060394135165841925,0.0060394135165841925
888,78063,94097,99839,0.005279846290627566,0.00497618862778255,0.004128252897016793
432,1089862,835703,580499,0.030698880115616254,0.044194987776483424,0.05763583206959144
1757,91502,66492,124599,0.006589244363083605,0.003516336697647293,0.00483895567148112
1194,480630,920995,683872,0.036165617068120215,0.04870553625774031,0.025417447316823355
646,337012,290306,350618,0.0185419439971079,0.015352427981519506,0.017822409660523213
499,465132,471564,610552,0.0322881911120428,0.02493800454925928,0.024597857198611572
2883,43195,43195,43205,0.0022848361761091756,0.002284307340054064,0.002284307340054064
2611,134964,173505,73893,0.003907728262035304,0.00917556997421184,0.00713738293420666
1975,272229,338477,176145,0.00931518269276127,0.017899884142597047,0.014396451044694473
3746,25934,25934,25934,0.001371483425326128,0.001371483425326128,0.001371483425326128
1917,369617,353333,173016,0.009149709891116888,0.01868552298607067,0.019546679618214213
552,36779,201091,29332,0.0015511819168530108,0.010634417115842384,0.0019450061270945345
4115,418112,126491,68475,0.003621204887375901,0.006689300144710698,0.022111270067477366
1218,415108,635767,230348,0.012181632762282058,0.03362165122500641,0.021952407716521873
3339,195391,194791,440583,0.023299617566918385,0.010301250401122147,0.010332980564428837
3748,25934,25934,25934,0.001371483425326128,0.001371483425326128,0.001371483425326128
3392,99271,99271,99271,0.005249808402697233,0.005249808402697233,0.005249808402697233
3057,25172,25246,420980,0.02226294024808334,0.0013350995047344578,0.0013311861179266327
7088,133685,133685,133685,0.007069744802757901,0.007069744802757901,0.007069744802757901
944,877964,669201,339739,0.017966623252752115,0.03538976169166616,0.046429901828990074
1798,93534,96853,98710,0.005220140700005479,0.005121935844571276,0.0049464151578797735
258,992620,1262508,352985,0.01866711949135279,0.0667659750266692,0.052493324502476325
4159,135308,130461,117815,0.006230481983295973,0.006899248058589958,0.007155574894502495
3934,107001,147945,70251,0.0037151261707637005,0.00782386501734688,0.005658598673298412
574,222409,199322,985419,0.052112509659190544,0.010540866017693162,0.01176178981812905
3954,137247,55319,162668,0.008602470341287522,0.0029254681732712295,0.007258116205588612
3706,97177,79102,160996,0.008514048952872881,0.004183198963142877,0.005139070132756888
395,338014,339729,69871,0.003695030400669464,0.017966094416697005,0.017875399033245386
3960,114202,114202,103561,0.005476679070340061,0.0060394135165841925,0.0060394135165841925
282,73265,109101,22524,0.001191150330533111,0.005769654244871824,0.0038745173577743024
3089,64780,64780,64780,0.0034257999650122066,0.0034257999650122066,0.0034257999650122066
6869,133685,133685,133685,0.007069744802757901,0.007069744802757901,0.007069744802757901
3751,25934,25934,25934,0.001371483425326128,0.001371483425326128,0.001371483425326128
1013,172096,146712,121912,0.006447146115075149,0.007758659531751634,0.00910105697404663
2147,4325,4325,4325,0.00022872159383571772,0.00022872159383571772,0.00022872159383571772
4195,119142,123925,101783,0.005382652019741238,0.006553600812969091,0.006300658527809267
918,19588,336460,130330,0.0068923203062679975,0.01779321791028106,0.001035884064752379
634,568932,667812,878786,0.04647337215272024,0.035316306363611175,0.030087175450668798
1005,49399,49718,45055,0.0023826708463048005,0.002629267098803286,0.0026123972286452297
7550,50130,45625,46669,0.002468024985599794,0.002412814501446155,0.0026510551442738796
7035,163156,159555,190335,0.01006560105496447,0.008437843677331315,0.008628277540776962
3977,114202,114202,103561,0.005476679070340061,0.0060394135165841925,0.0060394135165841925
1428,120764,120764,120764,0.00638643573594835,0.00638643573594835,0.00638643573594835
3804,101317,113322,100939,0.005338018256689829,0.005992875943734382,0.005358008259573043
1605,216272,337576,163245,0.008632984181667453,0.017852236014031502,0.011437243131107132
3007,40841,41113,35095,0.0018559501354137604,0.0021742036733798527,0.0021598193326808203
6906,107888,107888,107888,0.0057055064313868,0.0057055064313868,0.0057055064313868
7275,859686,611353,126646,0.006697497103564926,0.032330550880057235,0.0454632952874573
3800,60492,60492,60492,0.003199035064580401,0.003199035064580401,0.003199035064580401
7242,121467,45034,316944,0.016761141465125484,0.0023815602905890663,0.006423612910622688
3678,275108,275108,253525,0.01340731608721395,0.01454870294496107,0.01454870294496107
4751,20944,4327,4327,0.00022882736104674,0.00022882736104674,0.0011075942338254964
7252,63965,102795,50344,0.0026623722358532654,0.005436170228518521,0.0033826998265206205
1264,174800,148907,264198,0.01397174280883444,0.007874739045848605,0.009244054243348777
2127,773726,339506,57936,0.0030638645688939054,0.017954301372668017,0.040917420557718964
2582,30256,30256,30256,0.001600046368345312,0.001600046368345312,0.001600046368345312
1459,186706,191855,167213,0.008842826328335692,0.010145984135341415,0.00987368645056451
3612,121286,117342,111928,0.005919156197651841,0.006205468037889199,0.00641404097802517
2727,353089,367125,234324,0.012391897977794386,0.01941489367328043,0.01867261938632595
1706,154138,134606,141796,0.007498683727058827,0.0071184506034336695,0.008151373186277424
1624,154138,134606,141796,0.007498683727058827,0.0071184506034336695,0.008151373186277424
1041,376748,240230,41709,0.002205722302264497,0.012704228551943229,0.019923792609114213
1088,313451,313451,313451,0.01657641903107504,0.01657641903107504,0.01657641903107504
3544,42954,187180,42877,0.002267490353501519,0.009898753279576795,0.0022715623911258773
2991,64780,64780,64780,0.0034257999650122066,0.0034257999650122066,0.0034257999650122066
3912,99231,99231,99231,0.005247693058476787,0.005247693058476787,0.005247693058476787
4168,43456,47392,23987,0.0012685190453959215,0.002506259832384355,0.002298109961092474
895,78063,94097,99839,0.005279846290627566,0.00497618862778255,0.004128252897016793
2916,215515,228502,347360,0.01836964921035258,0.012084009626508478,0.011397210241735192
3113,281845,266012,273259,0.014450921158370957,0.014067673669231662,0.014904979795289678
1588,87734,82562,63288,0.003346897625589573,0.004366176238211451,0.004639690245915111
2843,22421,49509,26866,0.0014207709456625184,0.0026182144252514562,0.001185703319165463
4746,444255,664570,260268,0.013763910239175624,0.03514485771454403,0.023493806166355324
3576,80033,91333,76918,0.004067701168706529,0.004830018342149736,0.004232433599873756
2265,204102,154661,256370,0.013557769944893168,0.008179031311959755,0.010793649652036453
1315,377056,397003,396234,0.020954282546104454,0.02099495003874253,0.019940080759611647
7089,133685,133685,133685,0.007069744802757901,0.007069744802757901,0.007069744802757901
1536,464239,703403,797532,0.04217636767051737,0.037198486767358464,0.024550632138890117
2329,161345,214331,160946,0.008511404772597323,0.011334596052809991,0.008532505331196271
3331,88020,200284,206818,0.010937281524604731,0.010591740046194887,0.0046548149570913005
4278,24057,23559,22143,0.0011710016768333635,0.00124588486223715,0.001272220897781702
7100,56749,56749,56176,0.002970789423194284,0.0030010917291521722,0.0030010917291521722
2192,133878,407393,47657,0.002520273987844809,0.021544410700003364,0.007079951338621553
1508,406229,389752,579647,0.030653823283720755,0.020611491015181192,0.021482854183188387
3846,95393,110558,95198,0.005034413477450325,0.005846705658101568,0.005044725780524999
600,484537,553050,207969,0.010998150554548064,0.029247278027940735,0.02562406356355541
3967,204102,154661,256370,0.013557769944893168,0.008179031311959755,0.010793649652036453
2196,228772,624698,123795,0.006546725944252641,0.03303628259560351,0.012098288199996489
1570,206878,306709,162932,0.008616431613142465,0.016219877762718878,0.010940454540935401
2583,82784,95509,79774,0.004218736746046369,0.005050860278764292,0.004377916398634926
137,550307,572969,298258,0.015772958412544162,0.030300666566117306,0.029102218298023654
216,323065,430686,71627,0.003787894011947041,0.022776228523174548,0.017084842014459225
1801,56298,57323,62929,0.0033279124112110705,0.0030314469187155716,0.002977241223066644
517,350284,313429,116716,0.006172362900839221,0.016575255591753796,0.01852428087286718
7556,50130,45625,46669,0.002468024985599794,0.002412814501446155,0.0026510551442738796
4176,68637,60794,27599,0.0014595346285021904,0.003215005913444768,0.003629772031468707
114,63055,280170,136306,0.007208352732802622,0.014816399756058505,0.0033345757455054753
6900,107888,107888,107888,0.0057055064313868,0.0057055064313868,0.0057055064313868
3401,99271,99271,99271,0.005249808402697233,0.005249808402697233,0.005249808402697233
4060,318859,330138,140676,0.007439454088886341,0.017458887756239577,0.01686241356967933
7583,46314,46620,45176,0.0023890697625716492,0.002465433688929748,0.0024492513056433365
1996,59571,64931,25811,0.0013649787418482566,0.00343378538944439,0.0031503292639046337
1340,176546,137251,358547,0.018961258105205797,0.007258327740010657,0.009336389018571242
2458,78373,83061,78554,0.004154218747322767,0.004392565157361515,0.004144646814725249
2,167212,168383,445174,0.02354240619982007,0.008904700146783736,0.00884277344473018
1516,358187,375653,293899,0.015542438776121064,0.019865885061079506,0.018942220007221785
3946,107001,147945,70251,0.0037151261707637005,0.00782386501734688,0.005658598673298412
7030,135695,130568,165371,0.008745414726984155,0.006904906604379651,0.00717604084983531
2280,94026,168433,95296,0.005039596070790417,0.008907344327059292,0.004972433891791259
3794,127647,128425,90576,0.004789985452777796,0.006791577037769259,0.006750433592681586
2369,102852,115239,71176,0.003764043505861513,0.006094253815499254,0.005439184594032656
2357,4326,4326,4326,0.00022877447744122886,0.00022877447744122886,0.00022877447744122886
3274,267472,310102,207642,0.010980857615545918,0.016399311836218206,0.014144883733277939
2728,31049,34026,29869,0.0015795804130124976,0.0017994175611223424,0.001641983067515653
7091,133685,133685,133685,0.007069744802757901,0.007069744802757901,0.007069744802757901
45,221305,350130,41372,0.00218790052720724,0.01851613679761846,0.011703406317644742
1847,55093,55399,60681,0.0032090300660220085,0.0029296988617121215,0.00291351647842571
1435,66656,115103,57679,0.0030502734822775404,0.006087061645149738,0.0035250096089511213
926,217933,443585,118428,0.006262899633474307,0.023458374150662854,0.011525082799861149
1610,13367,19698,14432,0.0007632161947368967,0.0010417012613586052,0.0007068951548675233
3501,285426,497453,491653,0.026000383300372746,0.026307108212337407,0.015094355986625101
449,98502,158609,89420,0.004728852004806908,0.00838781578651777,0.00520914091005916
1274,174800,148907,264198,0.01397174280883444,0.007874739045848605,0.009244054243348777
3354,89458,198643,214243,0.01132994229552501,0.010504958049551092,0.0047308615818163315
2095,142076,305281,72565,0.0038374988339164983,0.016144359974048957,0.007513491136601949
50,316277,376200,48185,0.0025481965315546956,0.019894812393294103,0.016725868100249546
344,267403,187162,164173,0.0086820601675818,0.009897801374677596,0.01414123476449767
306,195321,17301,17301,0.000914939258948382,0.000914939258948382,0.010329278712043057
2225,204102,154661,256370,0.013557769944893168,0.008179031311959755,0.010793649652036453
3525,32111,31544,31720,0.0016774679668136337,0.0016681604522436717,0.0016981454565684927
2291,273161,647840,218847,0.01157341841529834,0.03426011499434251,0.014445738565030864
491,207950,227693,201779,0.010670801036434054,0.012041226789649959,0.010997145766043352
3609,235653,235653,235883,0.012474343518786266,0.012462180289518702,0.012462180289518702
2873,43688,45444,48612,0.002570777831107956,0.0024032425688486373,0.0023103789575710603
7104,107888,107888,107888,0.0057055064313868,0.0057055064313868,0.0057055064313868
6903,107888,107888,107888,0.0057055064313868,0.0057055064313868,0.0057055064313868
1042,441847,243346,45697,0.002416622121042958,0.012869013866715968,0.02336646244428448
3903,99231,99231,99231,0.005247693058476787,0.005247693058476787,0.005247693058476787
2673,85885,104816,69137,0.003656213834224281,0.005543047995256552,0.004541908459324998
2999,64780,64780,64780,0.0034257999650122066,0.0034257999650122066,0.0034257999650122066
1500,474960,470961,182165,0.009633541997938385,0.02490611573513606,0.02511759727357514
3825,17295,17295,20956,0.0011082288370916301,0.0009146219573153151,0.0009146219573153151
3853,95393,110558,95198,0.005034413477450325,0.005846705658101568,0.005044725780524999
3889,232710,88484,232634,0.012302524684480544,0.004679352950048473,0.012306543838499391
477,264208,260796,1811609,0.09580441569644642,0.013791832782885512,0.013972271644889551
7200,12976,12976,12976,0.0006862176651126643,0.0006862176651126643,0.0006862176651126643
2932,55645,66578,165634,0.008759323115233588,0.0035208846877212516,0.002942708228667864
2600,208842,212706,172791,0.009137811079876879,0.011248660193854376,0.011044317942159296
2236,44833,40655,69888,0.003695929421963154,0.0021499829820557466,0.0023709306858813255
4606,104481,98776,88031,0.004655396676751923,0.005223631017969215,0.005525331987410317
3961,114202,114202,103561,0.005476679070340061,0.0060394135165841925,0.0060394135165841925
1891,70628,199259,21221,0.0011222429925520844,0.01053753435054596,0.0037350632900414035
1363,899797,895549,821282,0.04343235330140715,0.04735986003190362,0.04758450958811498
1871,34593,34593,34593,0.0018294025654471636,0.0018294025654471636,0.0018294025654471636
3492,272858,484930,83540,0.004417896404401355,0.025644846820521292,0.014429714832560985
2253,54100,92265,54838,0.002900031159020367,0.004879305862486126,0.0028610030581531394
3838,95393,110558,95198,0.005034413477450325,0.005846705658101568,0.005044725780524999
2391,231265,90197,740152,0.03914190638628766,0.00476994256628907,0.012230127028535782
340,25966,25966,25966,0.0013731757007024847,0.0013731757007024847,0.0013731757007024847
3526,172296,296908,4323,0.00022861582662469542,0.01570156554510411,0.00911163369514886
2058,107292,126422,95057,0.0050269568890732525,0.006685651175930429,0.005673987802502156
2452,25936,84231,25936,0.0013715891925371502,0.004454438975809558,0.0013715891925371502
1415,120764,120764,120764,0.00638643573594835,0.00638643573594835,0.00638643573594835
4178,129574,124776,102921,0.005442833562812926,0.0065986047612590784,0.006852340300501569
2412,77794,210944,69077,0.003653040817893612,0.011155479280943731,0.004114027207134294
357,133114,17302,17302,0.0009149921425538932,0.0009149921425538932,0.007039548264011035
1649,177072,373004,64528,0.003412473296423397,0.019725796390080475,0.009364205795070106
4037,114392,114164,103566,0.005476943488367616,0.006037403939574769,0.0060494614016313114
2497,52389,68408,39060,0.0020656336312654647,0.0036176616858066535,0.0027705192091235643
1680,116907,463838,67530,0.0035712298801678652,0.024529425813080145,0.00618246366949185
402,354419,526280,135473,0.007164300689411835,0.027831583908407287,0.01874295458165578
4683,94026,168433,95296,0.005039596070790417,0.008907344327059292,0.004972433891791259
6897,107888,107888,107888,0.0057055064313868,0.0057055064313868,0.0057055064313868
1719,125506,167591,36926,0.0019527800171046735,0.008862816331218906,0.006637209793282217
1294,42320,36412,151111,0.007991294512395176,0.001925597843871943,0.002238034185231809
2836,36115,57370,24000,0.0012692065322675665,0.0030339324481745956,0.0019098914130351319
2885,43195,43195,43205,0.0022848361761091756,0.002284307340054064,0.002284307340054064
2856,38879,38879,41347,0.002186578437069461,0.0020560616986679465,0.0020560616986679465
2529,86325,101383,59237,0.00313266613966391,0.005361498577536779,0.004565177245749903
1024,184111,307658,245355,0.012975257030187867,0.016270064304348957,0.009736453494263081
3225,334736,360591,245123,0.01296298803370928,0.019069352194870586,0.017702046574379838
3630,257056,259864,262618,0.013888186712126825,0.013742545262549121,0.013594048098273815
1309,1075372,837483,1357477,0.07178827815845748,0.04428912059429327,0.0568695486257349
272,329241,1846965,739088,0.0390856382300238,0.09767416845289859,0.017411451162096078
4324,17294,17294,17294,0.0009145690737098039,0.0009145690737098039,0.0009145690737098039
4,58157,301128,34911,0.001846219551999709,0.015924734360361157,0.003075551845711869
2230,44833,40655,69888,0.003695929421963154,0.0021499829820557466,0.0023709306858813255
1909,814468,933950,991493,0.05243372467906526,0.04939064336713724,0.043072004413454185
2607,134964,173505,73893,0.003907728262035304,0.00917556997421184,0.00713738293420666
7198,112509,111810,111501,0.005896574898098581,0.0059129159322015255,0.0059498815724538185
3865,232749,88671,232672,0.012304534261489967,0.004689242184279058,0.012308606299114327
110,192443,424300,74090,0.0039181463323210005,0.022438513818380353,0.010177079695381971
1743,63965,102795,50344,0.0026623722358532654,0.005436170228518521,0.0033826998265206205
693,137855,131633,117815,0.006230481983295973,0.006961227644249024,0.007290269437739391
2086,98756,101192,91437,0.004835518237122895,0.00535139780888415,0.005222573345858992
7178,14730,15114,27332,0.0014454147058307137,0.0007992828136955,0.000778975509179219
1295,174800,148907,264198,0.01397174280883444,0.007874739045848605,0.009244054243348777
3441,334884,334884,335114,0.017722036577263053,0.017709873347995488,0.017709873347995488
4421,297918,302765,315411,0.016680070897876893,0.01601130482258291,0.01575497798667037
3178,54832,54960,22322,0.001180467842219859,0.002906482958892727,0.0028997138573873004
2188,828075,638651,87627,0.004634031700125419,0.033774167543300565,0.04379159163364438
3771,60492,60492,60492,0.003199035064580401,0.003199035064580401,0.003199035064580401
788,236879,92653,236803,0.012522996435856523,0.004899824701424452,0.01252701558987537
124,112556,146234,95219,0.005035524033166059,0.007733381168317305,0.005952367101912842
3049,99248,99248,99248,0.0052485920797704765,0.0052485920797704765,0.0052485920797704765
4587,27283,75925,56101,0.002966823152780948,0.004015187748433958,0.0014428234091606673
3599,235653,235653,235883,0.012474343518786266,0.012462180289518702,0.012462180289518702
912,48090,50840,403092,0.02131695831269991,0.002688602504186795,0.0025431725890311366
2156,107995,172163,129046,0.006824417756791682,0.009104600175615877,0.005711164977176494
3938,103169,105868,100961,0.005339181696011074,0.005598681548254281,0.0054559486969796905
2174,710601,710601,710601,0.037579142959827706,0.037579142959827706,0.037579142959827706
1159,94026,168433,95296,0.005039596070790417,0.008907344327059292,0.004972433891791259
1140,56395,53587,50833,0.002688232318948217,0.00283387376852592,0.0029823709328012254
7092,133685,133685,133685,0.007069744802757901,0.007069744802757901,0.007069744802757901
1139,56395,53587,50833,0.002688232318948217,0.00283387376852592,0.0029823709328012254
204,399103,439458,214745,0.011356489865491606,0.023240123510718344,0.02110600561031594
3277,99049,325455,33773,0.0017860380089280217,0.017211233831630868,0.005238068242273758
208,204719,355878,56830,0.003005375301198575,0.018820111762096543,0.010826278836636831
2373,102852,115239,71176,0.003764043505861513,0.006094253815499254,0.005439184594032656
1951,38909,38909,42062,0.0022243902150099327,0.002057648206833281,0.002057648206833281
871,55553,66868,60241,0.003185761279597103,0.0035362209333194847,0.0029378429369608383
2560,167648,152541,171709,0.009080591018713816,0.008066918068276118,0.008865830696733041
2912,27060,25865,27918,0.0014764044986602467,0.0013678344565458587,0.0014310303651316812
3761,176635,176635,176635,0.009341095659461734,0.009341095659461734,0.009341095659461734
1661,34570,34570,110936,0.0058666956609847816,0.0018281862425204073,0.0018281862425204073
1902,629118,371603,212630,0.011244641039835527,0.019651706458759355,0.03327002813196279
1850,91925,94042,96884,0.005123575236342121,0.004973280029479437,0.004861325436612335
4489,204300,100611,53241,0.002815576041019063,0.005320672434082172,0.010804120605927659
3334,88020,200284,206818,0.010937281524604731,0.010591740046194887,0.0046548149570913005
1270,174800,148907,264198,0.01397174280883444,0.007874739045848605,0.009244054243348777
2320,91644,107781,69921,0.0036976745809450214,0.005699847885597108,0.004846465143463703
4269,17351,17870,11133,0.0005887531801556174,0.0009450300304842255,0.0009175834392239395
4023,114392,114164,103566,0.005476943488367616,0.006037403939574769,0.0060494614016313114
4274,105864,231195,48680,0.0025743739162827142,0.012226425176150002,0.005598470013832236
1992,64226,61884,48997,0.002591138019229748,0.0032726490434519203,0.0033965024475590302
698,339559,291478,350618,0.0185419439971079,0.015414407567178573,0.017957104203760108
1446,184162,224231,160274,0.00847586698969383,0.011858143747370363,0.00973915055814415
2707,103313,226025,31353,0.0016580596835910422,0.011953016935657363,0.005463563936173295
3948,107001,147945,70251,0.0037151261707637005,0.00782386501734688,0.005658598673298412
7142,117569,119478,211238,0.011171027060964008,0.006318427419261013,0.0062174726163402305
1146,766996,764188,761434,0.04026737527877593,0.04041301672835363,0.040561513892628936
635,568932,667812,878786,0.04647337215272024,0.035316306363611175,0.030087175450668798
401,315698,185953,251137,0.013281030037253326,0.009833865095614616,0.016695248492658594
2403,56097,101287,80720,0.004268764636859915,0.005356421751407709,0.0029666116183589032
3096,64780,64780,64780,0.0034257999650122066,0.0034257999650122066,0.0034257999650122066
333,0,0,0,0.0,0.0,0.0
2461,78373,83061,78554,0.004154218747322767,0.004392565157361515,0.004144646814725249
3340,110386,119688,265793,0.01405609215962472,0.006329532976418354,0.0058376096779536495
2678,823667,555637,491610,0.025998109305335766,0.029384087915398076,0.04355848070055124
2593,141306,149051,85196,0.004505471655127816,0.007882354285042211,0.007472770760358365
3557,265265,481122,83464,0.004413877250382507,0.025443466050734838,0.014028169615914835
842,73816,69872,42828,0.0022648990568314726,0.003695083284274975,0.0039036562244109453
1271,174800,148907,264198,0.01397174280883444,0.007874739045848605,0.009244054243348777
7245,59403,71318,42910,0.0022692355124833865,0.003771552977844096,0.0031414448181787606
2065,15739,20295,26674,0.001410617293404378,0.001073272773848761,0.0008323350671399679
205,399103,439458,214745,0.011356489865491606,0.023240123510718344,0.02110600561031594
1048,123298,342360,165372,0.008745467610589667,0.018105231182796836,0.006520442792313601
4763,646953,484732,51219,0.0027086453906755206,0.025634375866630085,0.03421320723625412
3120,295371,301593,315411,0.016680070897876893,0.015949325236923842,0.015620283443433474
1963,622957,482901,292455,0.015466074849762965,0.025537545984939174,0.0329442122384086
1181,422701,639575,230424,0.012185651916300905,0.03382303199479287,0.022353952933168025
630,1022140,971365,1757178,0.09292590816486908,0.051369283467336865,0.054054448537165435
1659,34570,34570,110936,0.0058666956609847816,0.0018281862425204073,0.0018281862425204073
1321,176546,137251,358547,0.018961258105205797,0.007258327740010657,0.009336389018571242
3504,163959,452419,174709,0.00923924183524726,0.02392554792174834,0.008670743076002414
2285,143243,216027,142113,0.0075154478300058615,0.011424286647756899,0.00757520630423346
1030,699424,279031,731876,0.038704241667077394,0.014756165329381307,0.0369880629010296
496,433531,413374,795819,0.04208577805427677,0.021860707544565542,0.022926682380853766
374,167268,175659,88512,0.004680833691002785,0.009289481260482853,0.008845734926638805
3493,272858,484930,83540,0.004417896404401355,0.025644846820521292,0.014429714832560985
807,56298,57323,62929,0.0033279124112110705,0.0030314469187155716,0.002977241223066644
1296,865482,590066,1271986,0.06726720583970387,0.031204817569541413,0.04576980866499992
3744,38904,38904,38904,0.0020573837888057255,0.0020573837888057255,0.0020573837888057255
7041,23954,29787,36807,0.0019464868680488467,0.0015752439573605834,0.0012667738864140536
3524,99898,125604,102452,0.005418031151828197,0.006642392386622309,0.005282966423352724
7179,67268,80422,76469,0.004043956429832023,0.004253005322417593,0.0035573743755239443
75,66113,67211,63971,0.003383017128153687,0.003554360010009809,0.0034962938111585675
2742,127743,168871,68957,0.0036466947852322744,0.008930507346273176,0.0067555104188106565
2371,102852,115239,71176,0.003764043505861513,0.006094253815499254,0.005439184594032656
1103,391164,39049,38946,0.0020596049002371934,0.002065051911604842,0.02068616266616293
1623,227129,267148,143658,0.007597153000520586,0.014127749445092328,0.012011400436141672
385,1261349,543192,570971,0.03019500512230603,0.028725951444811833,0.06670468292788179
1284,174800,148907,264198,0.01397174280883444,0.007874739045848605,0.009244054243348777
601,555901,374440,70783,0.0037432602488956315,0.019801737247594483,0.02939804918725302
6881,133685,133685,133685,0.007069744802757901,0.007069744802757901,0.007069744802757901
2005,308797,340019,155665,0.008232126451892948,0.017981430662295236,0.016330298731026156
4761,20982,20982,20768,0.0010982867192555342,0.00110960381083492,0.00110960381083492
6852,112995,238865,41207,0.0021791747322979006,0.012632042430420511,0.005975583004732237
2575,82461,82625,121139,0.00640626708801503,0.004369507905358653,0.0043608349940548255
3206,334736,360591,245123,0.01296298803370928,0.019069352194870586,0.017702046574379838
2835,107172,116459,52273,0.002764384710884271,0.006158771814222855,0.005667641769840818
3019,297918,302765,315411,0.016680070897876893,0.01601130482258291,0.01575497798667037
3839,101317,113322,100939,0.005338018256689829,0.005992875943734382,0.005358008259573043
3880,232710,88484,232634,0.012302524684480544,0.004679352950048473,0.012306543838499391
7033,135695,130568,165371,0.008745414726984155,0.006904906604379651,0.00717604084983531
3167,8632,198432,9032,0.0004776447249766942,0.01049379960878824,0.0004564912827722348
1785,68580,82136,91372,0.004832080802764671,0.0043436478222637015,0.0036267576659545714
318,224380,261476,437725,0.02314847622236752,0.013827793634633092,0.011866023404591523
4188,119142,123925,101783,0.005382652019741238,0.006553600812969091,0.006300658527809267
99,49682,430971,58921,0.003115954920322387,0.022791300350745225,0.002627363289004885
3385,115585,98547,133708,0.007070961125684658,0.005211520672307161,0.006112551543006111
379,531221,86704,12967,0.000685741712663064,0.004585220132238629,0.028092881803237872
4333,195268,148676,193487,0.01023229017953561,0.00786252293297553,0.010326475880950965
1120,313451,313451,313451,0.01657641903107504,0.01657641903107504,0.01657641903107504
537,170320,168683,390683,0.02066072565191207,0.00892056522843708,0.00900713569065883
1699,154138,134606,141796,0.007498683727058827,0.0071184506034336695,0.008151373186277424
2862,38879,38879,41347,0.002186578437069461,0.0020560616986679465,0.0020560616986679465
3133,295371,301593,315411,0.016680070897876893,0.015949325236923842,0.015620283443433474
2310,679719,549135,522256,0.027618780279830425,0.02904023871236459,0.03594599145443242
2399,52525,120318,72477,0.003832845076631517,0.006362849647890378,0.0027777113794730805
3272,267472,310102,207642,0.010980857615545918,0.016399311836218206,0.014144883733277939
7292,8912,24336,17174,0.0009082230410484662,0.0012869754237193123,0.00047129869231535634
2126,806047,370704,93210,0.004929280869694162,0.01960416409740483,0.0426266715714448
1119,313451,313451,313451,0.01657641903107504,0.01657641903107504,0.01657641903107504
2823,103770,104668,175992,0.009307091501118065,0.005535221221640902,0.005487731743891891
4078,25925,25925,25925,0.0013710074728765275,0.0013710074728765275,0.0013710074728765275
1507,223141,201685,393153,0.020791348157524606,0.010665829977516006,0.011800500617363211
7145,112995,238865,41207,0.0021791747322979006,0.012632042430420511,0.005975583004732237
2818,120172,121070,192581,0.010184377632942509,0.0064026181192347615,0.00635512864148575
3754,96771,79305,160996,0.008514048952872881,0.00419393433506164,0.005117599388919362
3129,295371,301593,315411,0.016680070897876893,0.015949325236923842,0.015620283443433474
2924,224506,244163,52801,0.0027923072545941573,0.012912219772418576,0.011872686738885928
325,256517,181597,194385,0.010279779657284622,0.009603504110008054,0.013565543834903307
4198,58869,63275,32861,0.0017378081607018544,0.003346210138717928,0.003113204972835807
2567,381767,276483,137718,0.007283024383784364,0.014621417902538899,0.02018921542517467
866,134841,97716,97159,0.005138118227857687,0.005167574396127397,0.007130878250728789
3471,334884,334884,335114,0.017722036577263053,0.017709873347995488,0.017709873347995488
651,139636,134789,122143,0.006459362227948224,0.007128128303242209,0.007384455139154747
1470,120764,120764,120764,0.00638643573594835,0.00638643573594835,0.00638643573594835
2974,104349,193829,4525,0.00023929831493794742,0.010250376372620423,0.005518351351482846
3554,265265,481122,83464,0.004413877250382507,0.025443466050734838,0.014028169615914835
7268,4305,34295,4305,0.00022766392172549475,0.0018136432510048415,0.00022766392172549475
7324,46860,47392,46580,0.002463318344709302,0.002506259832384355,0.0024781257542524234
920,210773,290572,112489,0.0059488239003435955,0.015366495020585472,0.011146436184401325
1894,629118,371603,212630,0.011244641039835527,0.019651706458759355,0.03327002813196279
4280,24057,23559,22143,0.0011710016768333635,0.00124588486223715,0.001272220897781702
100,210018,799407,140064,0.007407089322313518,0.042275524430850774,0.011106509062240408
1282,174800,148907,264198,0.01397174280883444,0.007874739045848605,0.009244054243348777
2858,38879,38879,41347,0.002186578437069461,0.0020560616986679465,0.0020560616986679465
1888,143281,75060,44575,0.002357286715659449,0.003969443429666814,0.007577215881242883
1561,120620,131008,120581,0.00637675803613981,0.006928175390804556,0.006378820496754744
1778,151954,124468,61942,0.003275716292571567,0.006582316610761645,0.008035875391841075
3428,8658,8658,8658,0.0004578662565155246,0.0004578662565155246,0.0004578662565155246
2381,979940,699075,597686,0.03160779064353637,0.036969606522706214,0.05182276038459496
2674,25938,25938,25938,0.0013716949597481726,0.0013716949597481726,0.0013716949597481726
833,461429,467211,1012313,0.053534761345807376,0.024707802214469252,0.02440202920740379
3650,12976,8653,8653,0.00045760183848796886,0.00045760183848796886,0.0006862176651126643
1300,954647,620070,2141269,0.11323802508925167,0.03279153726929791,0.05048517535040148
1826,152356,226649,240238,0.012704651620787318,0.01198601630549632,0.008057134601256557
7567,43195,43195,43205,0.0022848361761091756,0.002284307340054064,0.002284307340054064
2984,482342,499638,329244,0.01741160981291261,0.026422658890379265,0.02550798404945844
1106,27034,22044,21659,0.0011454060117659676,0.00116576619988776,0.0014296553913883915
455,386291,571557,62128,0.0032855526431966407,0.030225994915135564,0.020428460856507107
3613,121286,117342,111928,0.005919156197651841,0.006205468037889199,0.00641404097802517
6922,253481,253481,253486,0.013405253626599015,0.01340498920857146,0.01340498920857146
1732,30256,30256,30256,0.001600046368345312,0.001600046368345312,0.001600046368345312
6836,143501,128749,150244,0.00794544442641701,0.006808711325954872,0.0075888502744553355
2848,15230,33738,13968,0.0007386782017797237,0.0017841870827351317,0.0008054173119347932
2161,61871,61200,90983,0.004811509080220834,0.0032364766572822944,0.0032719615565802752
6983,16545,16727,44205,0.0023377197816203243,0.0008845840693849827,0.0008749592531819536
453,46113,90201,50360,0.0026632183735414436,0.004770154100711115,0.0024386217009355958
321,256517,181597,194385,0.010279779657284622,0.009603504110008054,0.013565543834903307
310,195321,17301,17301,0.000914939258948382,0.000914939258948382,0.010329278712043057
3895,99231,99231,99231,0.005247693058476787,0.005247693058476787,0.005247693058476787
1360,904445,900056,373095,0.01973060879818199,0.04759820644194237,0.0478303125865308
3342,130983,131463,133535,0.007061812261931229,0.006952237431312129,0.006926853300666777
382,543700,99863,27793,0.0014697940479713532,0.005281115497159833,0.028752816316411495
1346,74545,143956,214804,0.011359609998216764,0.0076129123149629085,0.003942208372828573
7508,23670,24975,16365,0.0008654402041899469,0.0013207680476409365,0.0012517549424488875
2918,27060,25865,27918,0.0014764044986602467,0.0013678344565458587,0.0014310303651316812
3124,295371,301593,315411,0.016680070897876893,0.015949325236923842,0.015620283443433474
877,55553,66868,60241,0.003185761279597103,0.0035362209333194847,0.0029378429369608383
2895,29448,34400,98227,0.005194597918543594,0.001819196029583512,0.001557316415092304
740,133674,133674,133674,0.007069163083097279,0.007069163083097279,0.007069163083097279
239,44620,32557,20220,0.0010693065034354248,0.001721731544626465,0.002359666477907451
2246,443255,446598,434105,0.022957037570417164,0.023617712454067945,0.023440922560844176
2033,353089,367125,234324,0.012391897977794386,0.01941489367328043,0.01867261938632595
3852,101317,113322,100939,0.005338018256689829,0.005992875943734382,0.005358008259573043
3849,101317,113322,100939,0.005338018256689829,0.005992875943734382,0.005358008259573043
1008,172096,146712,121912,0.006447146115075149,0.007758659531751634,0.00910105697404663
2140,124141,124141,124141,0.006565023671759499,0.006565023671759499,0.006565023671759499
4609,129388,144333,47736,0.0025244517926801898,0.007632849434240612,0.006842503949876496
2653,385455,395633,91299,0.004828220299562356,0.020922499499192254,0.020384250162299784
1084,313451,313451,313451,0.01657641903107504,0.01657641903107504,0.01657641903107504
3571,25162,23620,22144,0.0011710545604388747,0.00124911076217333,0.0013306572818715212
3353,89458,198643,214243,0.01132994229552501,0.010504958049551092,0.0047308615818163315
3798,60492,60492,60492,0.003199035064580401,0.003199035064580401,0.003199035064580401
2014,53758,51848,54300,0.0028715797792553694,0.002741909178542033,0.002842916865068327
6895,107888,107888,107888,0.0057055064313868,0.0057055064313868,0.0057055064313868
3920,8668,8668,8668,0.0004583950925706361,0.0004583950925706361,0.0004583950925706361
933,823845,655712,390239,0.020637245331065122,0.03467641473692627,0.04356789398233222
7185,37577,37597,37553,0.0019859380377601635,0.0019882649164026543,0.0019872072442924313
441,721369,314373,149116,0.007885791719400435,0.01662517771535632,0.03814859362397176
1742,59159,105984,79296,0.00419345838261204,0.005604816046493574,0.0031285412184340403
2587,30256,30256,30256,0.001600046368345312,0.001600046368345312,0.001600046368345312
3723,181376,179023,214212,0.011328302903754165,0.009467381709422356,0.00959181683319009
830,95764,87351,76610,0.004051413018209094,0.004619435825004342,0.005064345598169635
4093,136300,178273,68707,0.0036334738838544873,0.009427719005288996,0.007208035431169555
1212,415108,635767,230348,0.012181632762282058,0.03362165122500641,0.021952407716521873
6955,4318,175798,4318,0.00022835140859713967,0.009296832081648903,0.00022835140859713967
3442,334884,334884,335114,0.017722036577263053,0.017709873347995488,0.017709873347995488
2760,195051,232513,185494,0.009809591520685,0.012296125768213696,0.010315000138555047
2784,34607,34600,34600,0.0018297727506857418,0.0018297727506857418,0.0018301429359243197
2454,220728,221081,249724,0.013206305502666073,0.011691560390010245,0.01167289247726481
1746,185606,168827,214931,0.011366326216116681,0.008928180467630685,0.009815514484502248
637,485314,472027,662728,0.03504744611319249,0.02496248965861094,0.025665154125037573
162,50258,71136,66623,0.0035232644499692536,0.003761928161641067,0.0026578242457793067
1965,59159,105984,79296,0.00419345838261204,0.005604816046493574,0.0031285412184340403
2434,81331,105153,57872,0.003060480018141192,0.005560869770313809,0.004301076519827227
3704,97177,79102,160996,0.008514048952872881,0.004183198963142877,0.005139070132756888
1078,313451,313451,313451,0.01657641903107504,0.01657641903107504,0.01657641903107504
4158,297918,302765,315411,0.016680070897876893,0.01601130482258291,0.01575497798667037
1568,186792,294254,129213,0.006833249318912045,0.01556121245607752,0.00987823444063847
3737,113924,113883,78160,0.0041333826067513745,0.006022543646426137,0.006024711874252094
2590,118011,123009,31661,0.0016743478340884759,0.006505159430320879,0.006240847169976158
3250,332990,372247,150774,0.00797347273733792,0.019685763500708536,0.017609711799157372
1279,174800,148907,264198,0.01397174280883444,0.007874739045848605,0.009244054243348777
1442,104303,155528,99031,0.005237116337374557,0.00822488139793792,0.005515918705629333
1425,120764,120764,120764,0.00638643573594835,0.00638643573594835,0.00638643573594835
1224,415108,635767,230348,0.012181632762282058,0.03362165122500641,0.021952407716521873
3998,311923,329926,139498,0.007377157201594208,0.017447676431871215,0.016495612881854006
1433,66656,115103,57679,0.0030502734822775404,0.006087061645149738,0.0035250096089511213
3681,688801,688801,689374,0.036456582665642556,0.03642628035968467,0.03642628035968467
3275,267472,310102,207642,0.010980857615545918,0.016399311836218206,0.014144883733277939
1628,143501,128749,150244,0.00794544442641701,0.006808711325954872,0.0075888502744553355
1646,151475,300310,76991,0.004071561671908842,0.015881475571053037,0.008010544144801235
961,188150,188150,188303,0.009958141568565816,0.00995005037692261,0.00995005037692261
35,223607,127216,2497058,0.1320534302104577,0.006727640758706281,0.011825144377531406
1135,56395,53587,50833,0.002688232318948217,0.00283387376852592,0.0029823709328012254
1054,173148,172606,41427,0.002190809125510353,0.009128027612857316,0.009156690527044358
3913,99231,99231,99231,0.005247693058476787,0.005247693058476787,0.005247693058476787
4277,24057,23559,22143,0.0011710016768333635,0.00124588486223715,0.001272220897781702
1099,34593,34593,34593,0.0018294025654471636,0.0018294025654471636,0.0018294025654471636
995,37754,354871,150118,0.007938781092122605,0.018766857971346817,0.0019965676424679043
2759,195051,232513,185494,0.009809591520685,0.012296125768213696,0.010315000138555047
2521,283982,293223,218046,0.011531058647283909,0.015506689458795526,0.015017992060267002
4044,232741,252754,61742,0.003265139571469337,0.013366542827364854,0.012308183230270237
3856,232749,88671,232672,0.012304534261489967,0.004689242184279058,0.012308606299114327
4126,49231,30242,30242,0.001599305997868156,0.001599305997868156,0.002603512782919357
2035,269821,358338,135116,0.007145421242244355,0.018950205431653967,0.014269107322623627
1856,66915,59844,40292,0.0021307862332551994,0.003164766488209177,0.003538706462778509
3584,126522,121354,117750,0.006227044548937748,0.006417637063199927,0.006690939536481544
3337,88020,200284,206818,0.010937281524604731,0.010591740046194887,0.0046548149570913005
3537,42954,187180,42877,0.002267490353501519,0.009898753279576795,0.0022715623911258773
999,393588,597155,218311,0.011545072802744362,0.031579709449009945,0.020814352525921957
7093,133685,133685,133685,0.007069744802757901,0.007069744802757901,0.007069744802757901
2768,103549,166021,60895,0.0032203471576013943,0.008779789070566403,0.005476044467073927
1873,25145,138532,16425,0.0008686132205206158,0.0073260716386704386,0.0013297582605778316
4740,177251,219804,113807,0.006018524492407289,0.011624028025772507,0.009373671960456601
924,210773,290572,112489,0.0059488239003435955,0.015366495020585472,0.011146436184401325
504,4324,597936,4324,0.00022866871023020656,0.03162101154491415,0.00022866871023020656
733,554573,101488,245489,0.01298234343332636,0.00536705135611545,0.029327819759134215
3688,591983,591983,591983,0.031306195441306285,0.031306195441306285,0.031306195441306285
2313,679719,549135,522256,0.027618780279830425,0.02904023871236459,0.03594599145443242
1641,129320,237994,63291,0.0033470562764061065,0.012585980810020301,0.006838907864701737
3151,253595,230570,235454,0.012451656452021984,0.012193372922705534,0.01341101793959973
2324,91644,107781,69921,0.0036976745809450214,0.005699847885597108,0.004846465143463703
3566,265265,481122,83464,0.004413877250382507,0.025443466050734838,0.014028169615914835
3184,4325,4325,4325,0.00022872159383571772,0.00022872159383571772,0.00022872159383571772
1111,416467,4327,4327,0.00022882736104674,0.00022882736104674,0.022024276536411525
3717,38904,38904,38904,0.0020573837888057255,0.0020573837888057255,0.0020573837888057255
2331,161345,214331,160946,0.008511404772597323,0.011334596052809991,0.008532505331196271
4020,114392,114164,103566,0.005476943488367616,0.006037403939574769,0.0060494614016313114
705,502424,500722,594551,0.03144200054025891,0.02647998471875335,0.026569992615333327
3959,107001,147945,70251,0.0037151261707637005,0.00782386501734688,0.005658598673298412
1335,176546,137251,358547,0.018961258105205797,0.007258327740010657,0.009336389018571242
1985,39614,40991,38244,0.0020224806091683673,0.0021677518735074923,0.0020949311487186407
3073,78640,57121,81133,0.00429060556593602,0.0030207644304023193,0.0041587667373967265
773,133674,133674,133674,0.007069163083097279,0.007069163083097279,0.007069163083097279
238,44620,32557,20220,0.0010693065034354248,0.001721731544626465,0.002359666477907451
3415,179277,216225,72933,0.003856960000744601,0.011434757601648107,0.009480814145222189
3376,31476,65425,38336,0.002027345900875393,0.0034599098905668973,0.0016645643670689136
3715,38904,38904,38904,0.0020573837888057255,0.0020573837888057255,0.0020573837888057255
232,766427,599187,186495,0.009862528009801658,0.0316871689354086,0.04053142312109309
541,70866,137861,60928,0.003222092316583262,0.007290586739372458,0.003747649588153057
598,650873,400510,77596,0.0041035562532430875,0.021180412843270126,0.03442051096985783
1790,330801,331649,171871,0.009089158162806622,0.017538794884166924,0.01749394958669347
3224,334736,360591,245123,0.01296298803370928,0.019069352194870586,0.017702046574379838
3655,1084711,8653,8653,0.00045760183848796886,0.00045760183848796886,0.05736342861760351
2619,134964,173505,73893,0.003907728262035304,0.00917556997421184,0.00713738293420666
3850,101317,113322,100939,0.005338018256689829,0.005992875943734382,0.005358008259573043
4737,92700,107664,70654,0.0037364382637846937,0.0056936605037523035,0.0049023102308834755
1156,1887764,746049,451685,0.023886731355303156,0.03945376100798691,0.09983176667414793
130,54058,91703,34771,0.001838815847228148,0.004849585276188861,0.0028587819467216715
3813,95393,110558,95198,0.005034413477450325,0.005846705658101568,0.005044725780524999
3649,17301,12981,12981,0.0006864820831402201,0.0006864820831402201,0.000914939258948382
7273,61198,257203,57359,0.003033350728513973,0.013601821988283955,0.0032363708900712725
2574,9369,12011,32304,0.0017083519924321446,0.0006351849857944059,0.0004954665000339513
1059,41188,41188,41188,0.0021781699437931888,0.0021781699437931888,0.0021781699437931888
7148,113635,213639,35254,0.001864358628690033,0.011298000597796277,0.006009428512259372
3877,232710,88484,232634,0.012302524684480544,0.004679352950048473,0.012306543838499391
3027,297918,302765,315411,0.016680070897876893,0.01601130482258291,0.01575497798667037
3127,295371,301593,315411,0.016680070897876893,0.015949325236923842,0.015620283443433474
1199,480145,902324,537856,0.028443764525804344,0.047718146459241655,0.025391798768150446
1195,1167322,1018234,386129,0.0204198937124143,0.053847885174038886,0.061732196152485014
2769,115255,54685,16330,0.0008635892779970567,0.0028919399673771615,0.006095099953187432
2128,773726,339506,57936,0.0030638645688939054,0.017954301372668017,0.040917420557718964
554,36779,201091,29332,0.0015511819168530108,0.010634417115842384,0.0019450061270945345
2737,117848,145021,34565,0.0018279218244928515,0.007669233354832282,0.0062322271422778405
3534,275664,275664,275511,0.014570015037982062,0.014578106229625269,0.014578106229625269
7192,29758,28375,27543,0.001456573146593566,0.0015005723063788417,0.0015737103328007601
1044,144324,361371,179224,0.009478011314130097,0.019110601407169282,0.007632373481791011
7034,135695,130568,165371,0.008745414726984155,0.006904906604379651,0.00717604084983531
1926,477238,268961,154681,0.008180088984069977,0.014223627421884039,0.025238066126929536
617,622338,619120,665441,0.03519091933494424,0.03274129784406232,0.0329114772865972
6929,275108,51853,30265,0.0016005223207949126,0.0027421735965695885,0.01454870294496107
3092,64780,64780,64780,0.0034257999650122066,0.0034257999650122066,0.0034257999650122066
4028,114392,114164,103566,0.005476943488367616,0.006037403939574769,0.0060494614016313114
3032,297918,302765,315411,0.016680070897876893,0.01601130482258291,0.01575497798667037
1920,382061,366350,186002,0.009836456392284663,0.01937390887900929,0.02020476320519495
2480,202519,216772,212595,0.011242790113642638,0.011463684933862706,0.010709934904512304
3774,60492,60492,60492,0.003199035064580401,0.003199035064580401,0.003199035064580401
1941,552797,324528,176946,0.0093575424607757,0.017162210729322034,0.029233898475746416
2339,59593,96731,58423,0.003089618884777835,0.005115484044698916,0.0031514927032258787
825,95764,87351,76610,0.004051413018209094,0.004619435825004342,0.005064345598169635
7602,55700,73525,78793,0.004166857929039932,0.003888267095207201,0.0029456168269709772
446,83566,89907,95514,0.005051124696791848,0.004754606320690837,0.004419271378144644
7277,157572,409598,29510,0.0015605951986339952,0.021661019050155446,0.008332975487602708
2315,91644,107781,69921,0.0036976745809450214,0.005699847885597108,0.004846465143463703
358,133114,170978,203289,0.010750655280755889,0.009041933103085166,0.007039548264011035
2257,160910,210053,159362,0.008427637141467664,0.011108359988433297,0.008509500962798922
3102,233766,218114,226930,0.012000876598644954,0.011534654732458667,0.012362388925919164
2643,140170,166910,146219,0.007732587914234638,0.008826802595865813,0.0074126949844976996
2537,56172,56172,56172,0.0029705778887722393,0.0029705778887722393,0.0029705778887722393
1302,1695292,1516981,3014072,0.15939499463019868,0.08022342477190772,0.08965315335420614
741,321824,321824,321977,0.017027304651663095,0.01701921346001989,0.01701921346001989
2114,619547,132521,101429,0.005363931223390292,0.007008188285942924,0.03276387914361559
1426,120764,120764,120764,0.00638643573594835,0.00638643573594835,0.00638643573594835
1666,34570,34570,110936,0.0058666956609847816,0.0018281862425204073,0.0018281862425204073
3009,266560,341897,257084,0.013595528839228127,0.018080746073445175,0.014096653885051772
1362,904445,900056,373095,0.01973060879818199,0.04759820644194237,0.0478303125865308
910,54852,53599,49590,0.0026224979972978594,0.002834508371792054,0.0029007715294975234
1239,2720634,2275541,3193459,0.1688816259720271,0.1203388125684446,0.14387693519621828
2270,405085,408340,427858,0.022626673686789018,0.021594491474422422,0.021422355338483634
2200,24774,24443,66764,0.0035307210383463254,0.0012926339695090053,0.0013101384429331955
464,1159640,445165,227150,0.012012510991857406,0.023541930247370467,0.061325944294948365
1276,174800,148907,264198,0.01397174280883444,0.007874739045848605,0.009244054243348777
7118,17062,16836,43166,0.0022827737154942408,0.0008903483823856979,0.0009023000772312175
559,28985,92158,42629,0.002254375219334754,0.004873647316696433,0.0015328313057406423
1952,67181,80508,64997,0.003437275707408126,0.004257553312491552,0.0035527735018444744
1462,120764,120764,120764,0.00638643573594835,0.00638643573594835,0.00638643573594835
409,262154,269758,205763,0.01088148932079047,0.014265775655476425,0.013863648719169652
3189,123965,127978,43120,0.0022803410696407276,0.0067679380661057765,0.006555716157189537
3947,107001,147945,70251,0.0037151261707637005,0.00782386501734688,0.005658598673298412
2248,443255,446598,434105,0.022957037570417164,0.023617712454067945,0.023440922560844176
1914,4322,4322,4322,0.00022856294301918428,0.00022856294301918428,0.00022856294301918428
1609,227129,267148,143658,0.007597153000520586,0.014127749445092328,0.012011400436141672
431,370122,522966,432810,0.02288855330128023,0.02765632763974334,0.019573385838997343
3469,334884,334884,335114,0.017722036577263053,0.017709873347995488,0.017709873347995488
925,210773,290572,112489,0.0059488239003435955,0.015366495020585472,0.011146436184401325
2546,56172,56172,56172,0.0029705778887722393,0.0029705778887722393,0.0029705778887722393
3985,114202,114202,103561,0.005476679070340061,0.0060394135165841925,0.0060394135165841925
2564,4323,4323,4323,0.00022861582662469542,0.00022861582662469542,0.00022861582662469542
3567,31641,32209,58965,0.0031182817989648774,0.0017033280499085853,0.001673290161978253
2342,809601,772469,610724,0.03229728709219072,0.04085094586559145,0.04281461990543142
3035,297918,302765,315411,0.016680070897876893,0.01601130482258291,0.01575497798667037
3363,99271,99271,99271,0.005249808402697233,0.005249808402697233,0.005249808402697233
2274,159524,61441,181259,0.009585629451345284,0.0032492216062104816,0.00843620428556047
3509,42915,186993,42839,0.002265480776492095,0.009888864045346212,0.0022694999305109425
836,90103,39515,29907,0.0015815899900219212,0.0020896956717730373,0.004764971507371023
2504,283982,293223,218046,0.011531058647283909,0.015506689458795526,0.015017992060267002
2217,111309,178325,110576,0.005847657563000768,0.009430468952775575,0.00588642124584044
3783,168390,152225,80949,0.004280874982521969,0.008050206848934597,0.008905070332022313
4170,39036,47272,24027,0.0012706343896163675,0.002499913799723017,0.002064364424733197
7345,21627,21627,21627,0.001143713736389611,0.001143713736389611,0.001143713736389611
1404,53746,186718,46261,0.0024464484745512455,0.009874321053830645,0.002842282261802193
2009,110362,140887,120147,0.006353806551347972,0.007450612529649193,0.005836340471421383
2953,33654,33360,97951,0.005180002043422517,0.0017641970798519175,0.0017797448598721951
2950,64744,86551,61030,0.0032274864443453993,0.0045771289405954225,0.0034238961552138054
716,693599,850786,923544,0.048840336568188224,0.04499263119840808,0.03668001589892716
7137,200510,259752,37687,0.0019930244408986574,0.013736622298731873,0.010603691741040406
3030,297918,302765,315411,0.016680070897876893,0.01601130482258291,0.01575497798667037
1186,34593,34593,34593,0.0018294025654471636,0.0018294025654471636,0.0018294025654471636
1720,125506,167591,36926,0.0019527800171046735,0.008862816331218906,0.006637209793282217
7027,258122,4325,4325,0.00022872159383571772,0.00022872159383571772,0.0136504220217487
3698,176635,176635,176635,0.009341095659461734,0.009341095659461734,0.009341095659461734
6915,17300,17300,17300,0.0009148863753428709,0.0009148863753428709,0.0009148863753428709
3935,107001,147945,70251,0.0037151261707637005,0.00782386501734688,0.005658598673298412
1214,415108,635767,230348,0.012181632762282058,0.03362165122500641,0.021952407716521873
406,262154,269758,205763,0.01088148932079047,0.014265775655476425,0.013863648719169652
6917,275108,51853,51853,0.0027421735965695885,0.0027421735965695885,0.01454870294496107
2886,43195,43195,43205,0.0022848361761091756,0.002284307340054064,0.002284307340054064
7323,50130,45625,46669,0.002468024985599794,0.002412814501446155,0.0026510551442738796
2948,64744,86551,61030,0.0032274864443453993,0.0045771289405954225,0.0034238961552138054
628,621041,4326,4326,0.00022877447744122886,0.00022877447744122886,0.03284288725024924
3018,74008,65960,68630,0.003629401846230129,0.003488202619515362,0.003913809876669086
4187,119142,123925,101783,0.005382652019741238,0.006553600812969091,0.006300658527809267
1018,184111,307658,245355,0.012975257030187867,0.016270064304348957,0.009736453494263081
555,455349,531686,595708,0.031503186871835315,0.028117472679800557,0.024080496885896006
1155,1887764,1005202,1591872,0.08418393087224316,0.053158706027017597,0.09983176667414793
1907,654966,298306,9863,0.0005215910011564587,0.015775496825608696,0.034636963567214955
1312,42320,36412,151111,0.007991294512395176,0.001925597843871943,0.002238034185231809
2638,140170,166910,146219,0.007732587914234638,0.008826802595865813,0.0074126949844976996
1082,313451,313451,313451,0.01657641903107504,0.01657641903107504,0.01657641903107504
1261,243228,672360,426660,0.022563319127386662,0.03555682100147588,0.012862773601265653
835,341437,456956,659347,0.0348686466429593,0.024165480839952423,0.018056419614910047
758,133674,133674,133674,0.007069163083097279,0.007069163083097279,0.007069163083097279
4627,142076,305281,72565,0.0038374988339164983,0.016144359974048957,0.007513491136601949
1001,17295,17295,17295,0.0009146219573153151,0.0009146219573153151,0.0009146219573153151
3496,272858,484930,83540,0.004417896404401355,0.025644846820521292,0.014429714832560985
6916,51862,51862,51862,0.002742649549019189,0.002742649549019189,0.002742649549019189
1347,17883,14233,18678,0.0009877599837372335,0.0007526923572401781,0.0009457175173558705
2229,44833,40655,69888,0.003695929421963154,0.0021499829820557466,0.0023709306858813255
756,133674,133674,133674,0.007069163083097279,0.007069163083097279,0.007069163083097279
4337,60683,81745,75787,0.004007889810873419,0.004322970332508842,0.003209135833233031
6845,5758,4328,4764,0.00025193749665511193,0.00022888024465225117,0.0003045038005331937
4082,25928,25928,44894,0.0023741565858175053,0.001371166123693061,0.001371166123693061
7119,17062,16836,43166,0.0022827737154942408,0.0008903483823856979,0.0009023000772312175
3502,272858,484930,83540,0.004417896404401355,0.025644846820521292,0.014429714832560985
7184,37577,37597,37553,0.0019859380377601635,0.0019882649164026543,0.0019872072442924313
2323,91644,107781,69921,0.0036976745809450214,0.005699847885597108,0.004846465143463703
2758,195051,232513,185494,0.009809591520685,0.012296125768213696,0.010315000138555047
3462,94237,79021,300726,0.015903475150945676,0.004178915391096474,0.004983592332554111
3952,159524,61441,181259,0.009585629451345284,0.0032492216062104816,0.00843620428556047
4769,705075,560364,70129,0.0037086743708913406,0.029634068718649275,0.0372869081557731
3085,40140,40229,40440,0.0021386130068708495,0.0021274545661079973,0.002122747925217505
548,1008106,592195,12975,0.0006861647815071531,0.03131740676567465,0.05331228001742198
1016,137121,219252,192225,0.010165551069380541,0.011594836275530354,0.007251452871294208
1874,101646,455769,38982,0.002061508710035595,0.02410270800021069,0.005375406965786211
3271,70899,71179,70013,0.0037025398726520473,0.0037642021566780463,0.0037493947471349248
1458,55723,60392,33678,0.0017810140664044627,0.0031937467040292866,0.002946833149897734
566,28985,92158,42629,0.002254375219334754,0.004873647316696433,0.0015328313057406423
3579,80033,91333,76918,0.004067701168706529,0.004830018342149736,0.004232433599873756
724,1236448,927587,178422,0.009435598662510156,0.0490541449852698,0.06538782826704867
3296,254274,142765,104406,0.005521365716996981,0.00754992794079913,0.0134469259077418
2460,78373,83061,78554,0.004154218747322767,0.004392565157361515,0.004144646814725249
1488,449035,445036,156240,0.008262534525061859,0.02353510826225953,0.023746589800698614
3837,95393,110558,95198,0.005034413477450325,0.005846705658101568,0.005044725780524999
2205,24774,24443,66764,0.0035307210383463254,0.0012926339695090053,0.0013101384429331955
3307,248892,143969,97308,0.005145997885078848,0.007613599801834553,0.013162306342880799
827,95764,87351,76610,0.004051413018209094,0.004619435825004342,0.005064345598169635
365,466766,394236,124971,0.0066089170643337525,0.020848621102293182,0.02468426901001679
5779,133674,133674,133674,0.007069163083097279,0.007069163083097279,0.007069163083097279
2171,57145,61407,32640,0.0017261208838838904,0.0032474235636231023,0.003022033636934587
2227,204102,154661,256370,0.013557769944893168,0.008179031311959755,0.010793649652036453
7165,25499,24601,549280,0.029047906835163704,0.0013009895791797669,0.0013484790569287782
3364,99271,99271,99271,0.005249808402697233,0.005249808402697233,0.005249808402697233
2057,226146,249637,183954,0.00972815076819783,0.013201704628986604,0.011959415851924213
818,243648,232356,195304,0.010328379690749368,0.012287823042148446,0.012884984715580335
17,46651,52980,33079,0.0017493367867032848,0.002801773419980653,0.0024670730807005935
2867,46510,49532,52842,0.0027944754824201145,0.002619430748178213,0.0024596164923235218
1401,904675,939516,11427,0.0006043009601758951,0.04968499351541229,0.04784247581579836
3200,70899,71179,70013,0.0037025398726520473,0.0037642021566780463,0.0037493947471349248
1942,38909,38909,42062,0.0022243902150099327,0.002057648206833281,0.002057648206833281
1754,195051,232513,185494,0.009809591520685,0.012296125768213696,0.010315000138555047
1179,422701,639575,230424,0.012185651916300905,0.03382303199479287,0.022353952933168025
2169,82170,81705,84391,0.004462900352691342,0.004320854988288397,0.004345445864851081
4011,231817,253273,61742,0.003265139571469337,0.01339398941862514,0.012259318778777936
1326,176546,137251,358547,0.018961258105205797,0.007258327740010657,0.009336389018571242
4167,43456,47392,23987,0.0012685190453959215,0.002506259832384355,0.002298109961092474
3700,176635,176635,176635,0.009341095659461734,0.009341095659461734,0.009341095659461734
1101,391164,286525,363627,0.019229906821202434,0.015152475069081853,0.02068616266616293
701,339559,291478,350618,0.0185419439971079,0.015414407567178573,0.017957104203760108
2573,409211,336613,419498,0.022184566744715816,0.017801309101924265,0.021640553094822632
3978,114202,114202,103561,0.005476679070340061,0.0060394135165841925,0.0060394135165841925
1935,552797,324528,176946,0.0093575424607757,0.017162210729322034,0.029233898475746416
1674,191530,171591,220672,0.011669930995356185,0.0090743507532635,0.010128796963550292
899,47781,46176,38756,0.0020495570151900754,0.002441953368082798,0.0025268315549281913
3841,101317,113322,100939,0.005338018256689829,0.005992875943734382,0.005358008259573043
1290,375310,408659,301885,0.015964767249733097,0.021611361344580478,0.01984774598438918
2145,65846,26859,10958,0.0005794985491911664,0.0014204007604239404,0.003482173888487091
1583,21613,23006,34534,0.0018262824327220058,0.0012166402283894848,0.0011429733659124549
621,338091,69199,236290,0.012495867146229304,0.0036594926177659724,0.01787947107086974
4499,34555,197395,30216,0.0015979310241248663,0.010438959309873179,0.00182739298843774
2764,103549,166021,60895,0.0032203471576013943,0.008779789070566403,0.005476044467073927
7337,21627,21627,21627,0.001143713736389611,0.001143713736389611,0.001143713736389611
1077,313451,313451,313451,0.01657641903107504,0.01657641903107504,0.01657641903107504
4186,129574,124776,102921,0.005442833562812926,0.0065986047612590784,0.006852340300501569
2189,828075,638651,87627,0.004634031700125419,0.033774167543300565,0.04379159163364438
1373,298650,245883,167634,0.008865090326255886,0.013003179573897752,0.01579368878590453
591,823380,656076,324794,0.017176277768388,0.03469566436933233,0.04354330310576954
3997,350959,377198,163525,0.008647791591210575,0.01994759023159423,0.018559977306587202
2081,325952,511595,372037,0.019674657943551194,0.02705498816147607,0.01723751698356991
2362,556754,446688,151693,0.008022072770802665,0.023622471978563948,0.029443158902754032
7243,113645,41077,316825,0.016754848316069656,0.002172299863581451,0.006009957348314483
2104,248039,418060,335825,0.01775963682078148,0.022108520119990784,0.013117196627379788
2397,52525,120318,72477,0.003832845076631517,0.006362849647890378,0.0027777113794730805
922,210773,290572,112489,0.0059488239003435955,0.015366495020585472,0.011146436184401325
1578,26426,26992,17535,0.0009273140226379908,0.001427434279956923,0.001397502159237613
2998,64780,64780,64780,0.0034257999650122066,0.0034257999650122066,0.0034257999650122066
222,4326,4326,4326,0.00022877447744122886,0.00022877447744122886,0.00022877447744122886
3246,332990,372247,150774,0.00797347273733792,0.019685763500708536,0.017609711799157372
14,510751,575529,987168,0.052205003085229545,0.030436048596225847,0.02701035439842466
1824,83789,83049,60704,0.003210246388948765,0.00439193055409538,0.0044310644221736304
3325,88020,200284,206818,0.010937281524604731,0.010591740046194887,0.0046548149570913005
4490,8640,4318,4318,0.00022835140859713967,0.00022835140859713967,0.00045691435161632394
750,133674,133674,133674,0.007069163083097279,0.007069163083097279,0.007069163083097279
3608,235653,235653,235883,0.012474343518786266,0.012462180289518702,0.012462180289518702
2467,202519,216772,212595,0.011242790113642638,0.011463684933862706,0.010709934904512304
3888,232710,88484,232634,0.012302524684480544,0.004679352950048473,0.012306543838499391
3971,111309,178325,110576,0.005847657563000768,0.009430468952775575,0.00588642124584044
3014,74008,65960,68630,0.003629401846230129,0.003488202619515362,0.003913809876669086
544,463612,364484,217327,0.011493035334921393,0.01927522807112549,0.024517474118234628
3115,281845,266012,273259,0.014450921158370957,0.014067673669231662,0.014904979795289678
3435,142183,135961,122143,0.006459362227948224,0.007190107888901276,0.007519149682391642
