node,totDeg,nLines,nServices
8,12,29,2526
1,7,6,586
2,5,7,533
3,3,7,602
5,6,8,663
4,3,2,169
7,2,2,169
9,2,2,169
12,2,2,169
6,2,2,169
10,3,2,169
11,3,3,277
14,5,4,397
16,2,1,120
17,2,1,120
13,2,1,120
15,2,1,120
19,2,1,120
20,2,1,120
18,4,3,231
22,2,3,231
21,2,3,231
23,2,3,231
24,2,3,231
25,3,6,441
26,4,7,561
27,11,12,776
7266,4,7,840
1256,12,18,1454
32,8,12,967
31,6,10,851
34,4,5,545
33,3,4,420
79,9,11,875
76,6,11,807
3691,3,8,815
2028,10,15,1308
4223,7,6,500
7564,7,6,446
120,5,3,238
121,3,5,366
122,3,5,366
123,2,3,231
124,2,3,231
125,2,3,231
126,4,3,231
127,2,1,120
128,2,1,120
129,2,1,120
130,2,1,120
131,2,1,120
134,2,1,120
132,2,1,120
136,2,1,120
133,2,1,120
135,2,1,120
137,4,7,600
138,4,7,533
139,3,7,533
725,11,28,2088
729,4,3,233
439,5,9,762
442,4,3,228
1397,6,5,416
1909,5,3,310
731,5,4,370
730,5,4,366
477,6,10,884
483,7,10,884
7159,5,7,681
538,4,6,730
574,9,12,1172
1113,8,8,666
410,7,11,916
415,5,10,841
420,5,10,828
726,4,3,220
727,4,3,170
568,5,3,185
95,5,4,275
571,5,3,228
434,5,11,975
728,4,3,233
115,4,4,286
771,2,2,124
5777,2,1,62
772,2,1,62
774,2,1,62
773,2,1,62
5778,2,1,62
775,2,1,62
777,2,1,62
5779,2,1,62
778,2,1,62
780,2,1,62
779,2,1,62
786,2,1,62
781,2,1,62
740,2,1,62
782,2,1,62
790,5,5,206
783,2,3,156
784,3,4,190
792,4,5,206
794,2,4,190
785,4,5,206
796,2,4,190
787,3,4,190
788,3,4,191
963,5,6,241
732,11,24,1591
734,4,6,241
733,3,5,225
738,2,4,190
735,2,4,190
741,4,5,206
736,2,4,190
743,4,5,206
737,2,4,190
745,3,4,190
739,5,5,206
746,2,1,62
789,2,1,62
742,2,1,62
748,2,1,62
750,2,1,62
744,2,1,62
752,2,1,62
5789,2,1,62
754,2,1,62
756,2,1,62
747,2,1,62
749,2,1,62
758,2,1,62
751,2,1,62
760,2,1,62
4761,2,2,120
2238,3,2,125
2239,3,2,125
7142,4,2,120
3723,3,2,125
3725,2,2,125
3727,3,2,125
3728,2,1,60
7035,2,1,60
7036,2,1,60
7037,2,1,60
7038,2,1,60
7039,4,2,116
705,3,8,505
706,3,8,505
7050,2,1,60
1801,3,2,122
1800,2,2,122
1803,2,2,122
805,2,2,122
797,2,2,122
807,3,2,122
801,2,1,60
799,2,1,60
7044,2,1,60
806,5,3,222
809,2,1,60
811,4,2,162
4353,2,1,60
1595,4,2,120
7043,2,1,60
7041,2,1,60
808,2,1,60
810,2,1,60
621,7,9,470
278,10,15,1079
4418,5,3,180
753,2,1,60
755,2,1,60
7040,2,1,60
7042,2,1,60
757,4,2,120
4354,2,1,60
759,4,2,162
762,2,1,60
1589,5,3,222
7045,2,1,60
803,2,1,60
7583,2,1,60
770,3,2,122
7049,2,2,122
763,2,2,122
1847,2,2,122
1849,2,2,122
1848,3,2,122
4256,2,1,60
637,4,8,508
638,4,7,452
7030,2,1,60
7031,2,1,60
7032,2,1,60
7033,2,1,60
7034,2,1,60
3788,2,1,60
3791,3,2,125
3790,2,2,125
3793,3,2,125
2161,4,2,125
630,5,14,967
631,2,11,802
632,2,11,802
633,4,11,802
634,2,9,604
635,4,9,604
636,2,7,448
639,4,7,450
640,3,7,450
813,2,2,135
812,2,2,135
815,3,2,135
889,5,4,270
891,4,4,270
893,5,4,270
817,3,2,135
814,2,2,135
818,2,2,135
816,2,2,135
820,2,2,135
819,2,2,135
822,2,2,135
821,2,2,135
824,2,2,135
823,3,2,135
826,2,1,70
825,2,1,70
828,2,1,70
830,2,1,70
827,2,1,70
832,3,2,139
829,2,2,139
831,2,2,139
833,2,2,139
834,5,4,304
835,6,5,230
836,2,2,139
837,2,2,139
838,2,2,139
839,3,2,139
840,3,3,198
842,2,3,198
841,2,3,198
844,3,3,198
843,4,6,429
846,3,5,369
845,2,5,369
848,2,5,369
847,2,5,369
850,2,5,369
849,2,5,369
852,2,5,369
851,3,5,369
7273,8,15,1334
7274,5,19,1632
7275,3,19,1632
35,14,54,4045
7276,6,23,1934
7277,5,20,1741
7278,7,15,1396
4275,5,4,374
853,5,7,367
856,3,3,202
855,3,5,369
857,2,5,369
858,2,5,369
860,3,5,369
859,5,6,429
862,3,3,198
4125,2,3,198
866,2,3,198
863,3,3,198
869,3,2,139
864,2,2,139
865,2,2,139
872,5,5,230
2689,2,2,139
868,2,2,139
873,2,2,139
870,2,2,139
875,3,2,139
871,2,1,70
877,2,1,70
874,2,1,70
876,2,1,70
879,3,2,135
881,2,2,135
884,2,2,135
878,2,2,135
880,2,2,135
882,2,2,135
886,2,2,135
887,2,2,135
883,2,2,135
885,2,2,135
888,2,2,135
892,2,2,135
894,2,2,135
895,2,2,135
702,4,7,450
704,3,7,445
711,2,7,445
708,4,9,601
712,2,9,601
709,4,11,795
714,2,11,795
710,2,11,795
716,2,11,795
713,4,14,960
946,7,8,640
976,4,6,470
964,3,5,416
965,4,6,433
977,2,6,433
966,3,6,433
969,3,5,378
972,3,4,324
973,4,2,155
974,2,1,60
978,2,1,60
979,2,1,60
981,2,1,60
980,2,1,60
4628,3,4,468
926,2,4,468
1665,2,4,468
987,2,4,468
984,2,4,468
986,2,4,468
988,2,4,468
991,3,4,468
219,6,6,563
221,3,6,563
223,3,6,563
4735,2,1,60
917,2,1,60
918,2,1,60
990,2,1,60
995,3,3,170
997,2,3,170
999,3,6,367
258,5,10,873
600,3,7,589
602,2,7,589
604,2,7,589
603,4,10,765
606,5,10,765
996,5,4,295
998,2,3,220
1000,2,3,220
1002,2,3,220
1001,2,3,220
1003,5,4,295
1004,2,1,60
1005,2,1,60
1009,2,1,60
1006,2,1,60
1011,2,1,60
1007,3,4,277
1013,2,4,277
1008,4,4,277
613,3,3,255
614,3,3,255
100,4,4,380
101,2,3,290
103,3,3,290
1015,5,3,205
1017,3,2,145
7282,4,4,250
4774,3,2,145
464,10,12,796
897,2,2,145
896,5,3,205
153,4,5,415
154,3,5,415
155,4,4,380
546,6,4,363
504,2,2,241
505,4,3,257
900,4,4,277
898,2,4,277
902,3,4,277
899,2,1,60
904,2,1,60
901,2,1,60
905,2,1,60
903,2,1,60
906,3,3,220
907,2,3,220
910,2,3,220
909,2,3,220
908,3,4,295
510,8,12,948
555,3,8,607
187,5,8,768
911,5,6,365
913,2,3,168
912,3,3,168
993,2,1,60
4748,2,1,60
4749,2,1,60
56,4,6,563
57,3,6,563
60,6,6,563
921,3,4,472
920,2,4,472
922,2,4,472
923,2,4,472
924,2,4,472
4745,2,4,472
925,3,4,472
929,2,1,60
928,2,1,60
927,2,1,60
931,2,1,60
934,2,1,60
2742,4,2,155
932,3,5,378
935,2,5,378
933,3,6,433
936,2,6,433
942,3,6,433
937,4,6,470
938,2,5,416
944,5,6,470
394,7,10,738
1101,5,7,657
1102,2,6,582
1103,3,6,582
1104,2,1,114
1105,2,1,114
1106,2,1,114
1107,2,1,114
1109,2,1,114
1108,3,2,176
1110,5,3,251
1111,2,6,556
1112,3,7,605
413,3,9,780
412,3,9,826
414,5,10,875
416,2,9,780
417,2,9,780
418,5,10,855
419,3,8,697
421,4,12,1086
423,5,11,1054
1114,2,2,229
588,4,6,699
589,2,6,699
590,2,6,699
592,3,6,699
591,4,8,780
594,4,5,526
593,2,4,471
595,2,4,471
596,2,4,471
597,2,4,471
598,3,4,471
599,3,3,356
601,3,3,356
256,5,7,689
257,2,4,506
259,5,5,432
260,2,4,416
261,2,4,416
262,3,5,432
263,3,5,432
264,2,4,416
265,4,5,432
266,4,5,432
268,4,9,813
267,4,10,829
270,3,9,762
271,8,13,1084
272,5,10,795
273,5,9,813
275,2,7,632
277,3,7,632
1115,10,12,1132
166,12,26,2779
167,3,7,635
172,3,7,635
168,2,6,619
169,6,12,974
174,6,13,1082
173,3,9,765
176,2,9,765
175,5,10,832
177,5,10,911
178,4,5,435
180,2,4,419
181,3,5,435
179,2,5,435
183,2,5,435
182,3,5,435
185,2,4,419
184,6,5,435
186,4,6,621
511,2,3,358
556,2,3,358
512,2,3,358
232,4,5,629
558,2,4,473
513,2,4,473
514,2,4,473
515,2,4,473
7262,3,4,473
422,5,7,733
517,2,4,465
518,3,6,697
519,2,6,697
520,2,6,697
521,2,6,697
366,5,10,871
476,4,8,697
473,2,8,697
475,4,8,697
478,3,9,780
480,2,9,780
479,2,9,780
482,3,10,875
481,3,10,875
485,3,9,780
1025,3,7,605
1030,2,7,605
1026,2,7,605
1028,4,7,605
1031,5,3,251
1033,3,2,176
1032,2,1,114
1035,2,1,114
1036,2,1,114
1037,2,1,114
1038,2,1,114
1039,2,1,114
1040,3,6,582
1041,2,6,582
1042,4,7,630
955,2,2,64
960,2,1,32
962,2,1,32
5791,2,1,32
5792,2,1,32
5794,2,1,32
968,2,1,32
970,2,1,32
957,2,1,32
971,2,1,32
961,2,1,32
975,2,1,32
947,2,1,32
939,2,1,32
949,2,1,32
940,2,1,32
950,2,1,32
941,2,1,32
952,2,1,32
945,2,1,32
953,2,1,32
948,2,1,32
954,2,1,32
1945,2,4,218
188,2,3,263
190,2,3,263
191,2,3,263
189,2,3,263
193,2,3,263
192,2,3,263
196,2,3,263
194,2,3,263
198,2,3,263
195,3,5,376
197,2,5,376
200,5,8,616
199,4,9,686
201,5,8,616
7271,3,2,110
30,4,4,193
4271,4,9,681
2724,3,9,681
4272,2,8,611
4273,6,9,635
4274,3,5,371
243,2,4,308
244,3,4,308
245,2,3,258
246,4,5,367
247,2,3,258
248,2,3,258
250,2,3,258
249,2,3,258
251,2,3,258
252,3,4,333
253,2,4,333
254,2,4,333
255,2,4,333
1022,5,8,504
6955,2,1,70
1043,7,7,457
1044,2,4,278
1045,3,4,278
1046,2,3,210
1047,2,3,210
1048,3,3,210
1049,2,2,125
1050,4,3,185
281,6,5,322
616,4,3,304
440,5,9,717
465,3,5,317
469,2,4,301
466,3,6,413
472,2,6,413
467,4,6,413
1051,3,4,261
1052,3,4,265
1053,3,4,265
1056,3,2,130
7268,3,3,199
1944,9,8,570
85,4,5,382
87,3,5,382
86,7,5,385
1012,2,1,70
1019,4,2,130
1021,4,4,261
426,4,6,413
429,2,6,413
427,3,6,413
430,2,4,301
428,2,4,301
432,5,9,793
431,3,7,475
433,6,10,766
544,4,3,306
393,6,5,317
1014,2,2,125
1016,2,2,125
1023,3,3,210
1018,2,3,210
1024,2,3,210
1027,2,3,210
1020,3,4,278
1029,6,7,457
7155,2,2,150
7163,2,1,75
2799,3,2,145
2798,2,2,145
2801,2,2,145
2800,2,2,145
2803,5,3,220
7165,2,1,75
7167,2,1,75
7169,2,1,75
7161,2,1,75
1057,4,2,131
1055,4,3,242
1147,2,2,239
1058,3,3,242
1061,2,3,242
1063,2,3,242
1060,2,3,242
1065,2,3,242
1062,2,3,242
1066,2,3,242
1064,3,3,242
1069,2,1,75
1067,2,1,75
1071,2,1,75
1068,2,1,75
1073,2,1,75
1070,2,1,75
1075,2,1,75
1072,2,1,75
4161,2,1,75
1078,3,2,170
1074,3,2,170
1076,3,2,170
1077,2,2,170
1080,2,2,170
1079,2,2,170
1081,3,2,170
1082,3,2,170
1085,2,2,170
1084,2,2,170
1087,2,2,170
1086,2,2,170
1089,2,2,170
1091,2,2,170
1088,2,4,340
1118,2,2,170
1119,2,2,170
1121,2,2,170
1120,3,2,170
1123,3,2,170
1125,3,2,170
1126,3,2,170
1129,2,2,170
1130,2,2,170
1127,2,2,170
1128,3,2,170
1131,3,2,170
1132,3,2,170
1133,2,1,75
1134,2,1,75
1135,2,1,75
1136,2,1,75
1137,2,1,75
1140,2,1,75
1138,2,1,75
1139,2,1,75
1141,3,3,242
1143,2,3,242
1142,2,3,242
1144,2,3,242
1145,2,3,242
1146,3,3,242
1150,4,3,242
1148,4,3,242
1059,3,2,239
1149,4,2,131
7162,2,1,75
7170,2,1,75
7168,2,1,75
7166,2,1,75
2818,4,2,145
2820,3,2,145
2819,2,2,145
2822,3,2,145
7164,2,1,75
28,4,2,27
3690,3,2,47
2568,6,3,142
377,4,4,295
1185,4,4,404
1206,2,1,135
1205,2,1,135
1207,2,1,135
1208,2,1,135
1211,2,1,135
1209,2,1,135
1212,2,1,135
1210,2,1,135
1214,2,1,135
1216,2,1,135
1213,2,1,135
1218,2,1,135
1215,2,1,135
1222,2,1,135
1217,2,1,135
1219,2,1,135
1224,2,1,135
1225,2,1,135
1221,2,1,135
1223,2,1,135
4746,3,2,192
1227,2,2,192
4747,2,2,192
1228,2,2,192
1230,5,5,499
1232,3,4,424
1231,5,5,499
1235,4,5,440
1233,2,4,424
1234,8,7,616
1236,2,3,367
3635,5,4,424
1237,3,2,192
1238,3,7,758
1239,8,12,1200
1151,5,7,762
1152,9,9,784
1154,3,4,424
1153,2,4,424
1156,4,6,515
1155,5,6,546
1158,2,4,424
1160,6,6,605
1157,5,5,499
4586,2,3,249
1162,2,3,249
1164,2,3,249
1161,3,3,249
1166,2,1,135
1163,2,1,135
1168,2,1,135
1167,2,1,135
1170,2,1,135
1169,2,1,135
1172,2,1,135
1171,2,1,135
1173,2,1,135
1174,2,1,135
1176,2,1,135
1175,2,1,135
1177,2,1,135
1178,2,1,135
1179,2,1,135
1180,2,1,135
1181,2,1,135
1182,2,1,135
1183,2,1,135
1184,2,1,135
1191,2,4,62
1195,3,6,291
1193,4,6,291
1196,4,8,429
1194,2,7,369
1198,2,7,369
1197,3,7,369
1201,3,6,316
1199,3,6,316
1202,4,6,319
1200,2,5,256
1204,3,5,256
1203,5,5,141
1244,4,5,256
1246,2,5,256
1245,4,6,319
1247,3,6,316
1249,3,6,316
1251,4,7,369
1250,3,7,369
1253,3,7,369
1252,4,5,221
1254,4,5,221
854,3,3,101
1255,2,2,31
1257,4,2,69
1260,6,3,97
1261,5,4,121
1258,3,4,121
1240,2,3,93
1241,6,4,121
1243,5,3,97
7207,2,2,37
7187,2,2,37
7188,2,2,37
7071,3,3,97
1294,2,2,194
1313,2,1,97
1312,2,1,97
1315,3,2,157
1314,2,2,157
1316,3,2,157
1317,2,1,97
1318,2,1,97
1319,2,1,97
1320,2,1,97
1323,2,1,97
1321,2,1,97
1324,2,1,97
1322,2,1,97
1325,2,1,97
1326,2,1,97
1327,2,1,97
1328,2,1,97
1329,2,1,97
1330,2,1,97
1331,2,1,97
1332,2,1,97
1334,2,1,97
1333,2,1,97
1338,2,1,97
1335,2,1,97
1339,2,1,97
1336,2,1,97
1341,2,1,97
1343,2,1,97
1342,2,1,97
1340,2,1,97
1345,2,1,97
7617,6,6,514
1263,2,1,97
1265,2,1,97
1259,2,1,97
1262,2,1,97
1264,2,1,97
1270,2,1,97
1272,2,1,97
1266,2,1,97
1274,2,1,97
1267,2,1,97
1276,2,1,97
1269,2,1,97
1271,2,1,97
1278,2,1,97
1273,2,1,97
1280,2,1,97
1275,2,1,97
1277,2,1,97
1279,2,1,97
1283,2,1,97
1281,2,1,97
1284,2,1,97
1282,2,1,97
1285,2,1,97
1286,2,1,97
1287,2,1,97
1288,2,1,97
1289,2,1,97
1291,2,1,97
1295,2,1,97
1290,3,2,157
1293,2,2,157
1292,3,2,157
1310,2,3,291
6861,2,2,76
6877,2,1,38
7079,2,1,38
6878,2,1,38
6879,2,1,38
6880,2,1,38
6881,2,1,38
7083,2,1,38
7085,2,1,38
6883,2,1,38
7089,2,1,38
6884,2,1,38
7091,2,1,38
7093,2,1,38
6885,2,1,38
6886,4,2,70
6887,2,1,38
7095,2,1,38
6888,2,1,38
7097,2,1,38
7099,2,1,38
6889,2,1,38
6860,2,2,76
6864,2,1,38
7100,2,1,38
7098,2,1,38
6865,2,1,38
7096,2,1,38
6866,2,1,38
6867,4,2,71
6868,2,1,38
7094,2,1,38
7092,2,1,38
6869,2,1,38
7090,2,1,38
6870,2,1,38
7088,2,1,38
7086,2,1,38
7084,2,1,38
6872,2,1,38
6873,2,1,38
7082,2,1,38
6874,2,1,38
6875,2,1,38
7080,2,1,38
6876,2,1,38
6863,2,2,65
3667,3,3,111
3669,3,3,111
6900,2,1,32
7101,2,1,32
7103,2,1,32
6901,2,1,32
6902,2,1,32
6903,2,1,32
6904,2,1,32
6905,2,1,32
6906,2,1,32
6907,2,1,32
6908,2,1,32
6909,2,1,32
6862,2,2,65
6890,2,1,33
6891,2,1,33
6892,2,1,33
6893,2,1,33
6894,2,1,33
6895,2,1,33
6896,2,1,33
6897,2,1,33
6898,2,1,33
7104,2,1,33
7102,2,1,33
6899,2,1,33
3684,3,3,112
3682,3,3,112
1387,3,3,351
7135,6,4,367
3649,4,2,250
3654,5,3,266
1384,6,4,367
3658,4,3,266
1388,5,3,351
1390,6,4,367
2263,5,3,433
1395,8,5,424
2293,4,3,260
1392,5,4,298
1399,4,3,235
1394,4,3,235
1400,4,2,175
1396,6,5,362
1297,7,5,362
1296,4,2,175
1299,4,3,235
1298,3,3,235
1300,4,3,235
1301,5,5,404
1302,5,6,511
1303,7,5,559
1305,4,4,372
3634,3,2,250
1307,5,4,372
1306,4,4,372
1309,5,4,372
3643,3,2,250
3648,8,4,372
1054,2,2,112
1364,4,3,223
1363,2,3,223
1367,2,3,223
1365,3,3,223
1370,2,1,56
1368,2,1,56
1372,4,3,112
1369,2,2,84
1371,4,2,116
1375,3,2,125
1377,2,2,125
1373,5,4,253
1374,2,2,119
1378,2,2,119
1376,3,2,119
1380,4,3,173
1382,3,3,173
4424,2,5,338
1379,6,6,404
1385,2,1,56
1381,2,1,56
436,3,10,914
435,3,7,585
438,6,7,585
1010,4,2,141
620,5,11,701
622,3,12,764
624,4,12,764
623,5,12,814
626,5,10,706
627,4,9,682
628,2,8,542
629,3,9,682
1386,2,9,682
117,4,14,1069
116,4,14,1069
4150,3,9,676
4149,3,13,958
140,5,14,1066
718,2,9,679
715,2,9,679
720,3,9,679
717,2,8,571
724,5,12,810
719,3,12,810
721,3,12,760
723,3,12,760
722,4,11,740
470,4,6,536
437,4,9,867
1347,2,1,56
1344,4,5,334
1346,4,3,173
1348,4,3,176
1350,2,2,119
1349,2,2,119
1351,3,3,188
1352,4,4,253
1354,2,2,125
1353,3,2,125
1355,4,2,116
1356,2,1,56
1357,2,1,56
1359,2,1,56
1361,2,1,56
1362,3,3,223
1358,2,3,223
1360,2,3,223
1366,3,3,223
148,3,2,230
150,2,2,230
149,2,2,230
151,2,2,230
152,2,2,230
156,2,3,320
157,3,3,320
1398,2,3,298
1404,2,3,298
1402,2,3,298
1406,3,3,298
287,5,5,396
290,2,5,396
289,3,5,396
292,3,4,333
242,3,4,333
291,4,4,334
294,4,5,361
296,3,5,361
293,3,6,438
295,2,6,438
298,2,6,438
297,3,7,508
300,3,7,508
299,7,14,1089
302,4,13,1032
301,7,13,1033
361,9,12,834
1403,6,16,1272
1408,5,4,382
1410,4,4,389
1405,2,3,319
1407,2,3,319
368,4,7,508
367,3,7,508
369,2,6,438
373,2,6,438
370,3,6,438
374,5,6,458
371,4,5,361
372,2,4,306
378,3,4,306
375,2,3,271
376,2,3,271
379,2,3,271
381,2,3,271
380,3,4,328
383,2,4,328
382,2,4,328
89,6,8,599
90,7,7,583
1409,2,2,230
1413,3,4,498
1416,3,4,498
1411,2,3,298
1412,4,4,355
98,3,3,320
105,2,2,230
104,2,2,230
107,2,2,230
106,3,2,230
625,3,6,375
1417,2,2,120
1414,2,1,60
1419,2,1,60
1415,2,1,60
1421,2,1,60
1423,2,1,60
1424,2,1,60
1418,2,1,60
1420,2,1,60
1422,2,1,60
1426,2,1,60
4700,2,1,60
1425,2,1,60
1428,2,1,60
1430,2,1,60
1427,4,2,152
1429,2,1,60
1434,2,1,60
1431,2,1,60
1433,2,1,60
1435,2,1,60
1438,6,4,245
1436,2,3,185
1437,2,3,185
1439,2,3,185
1441,2,3,185
1440,2,3,185
1447,3,3,185
1442,3,3,189
1448,2,3,189
1443,4,3,189
3080,5,5,345
1451,6,9,533
1444,4,2,123
1453,4,3,189
1445,2,3,189
1454,3,3,189
1455,3,3,185
1446,2,3,185
1456,2,3,185
1450,2,3,185
1461,2,3,185
1452,3,3,185
1449,3,2,125
1463,2,1,60
1457,2,1,60
1458,2,1,60
1464,2,1,60
1466,2,1,60
1468,2,1,60
1459,3,2,152
1460,3,2,152
1462,2,1,60
1465,2,1,60
1467,2,1,60
1469,2,1,60
1470,2,1,60
1472,2,1,60
1471,2,1,60
1473,2,1,60
1474,2,1,60
1477,2,1,60
1475,2,1,60
1476,2,1,60
1480,2,1,60
1482,2,2,244
1478,2,1,122
1479,2,1,122
1481,2,1,122
1483,2,1,122
1486,2,1,122
1484,2,1,122
1487,2,1,122
1489,2,1,122
4459,2,1,122
1485,3,2,228
1492,2,2,228
1488,2,2,228
1494,2,2,228
1490,3,2,228
1496,2,1,122
1491,2,1,122
1498,3,3,290
1493,2,3,290
1500,4,3,290
493,5,7,673
490,3,7,673
492,2,6,611
497,5,7,673
1502,4,6,520
1504,2,6,520
1495,3,6,520
1497,3,6,542
1499,3,6,542
1506,2,5,472
1501,2,5,472
1508,5,5,472
1505,3,2,192
1507,2,2,192
1510,2,2,192
1509,2,2,192
1512,3,2,192
1511,2,1,122
1515,2,1,122
1513,2,1,122
1517,2,1,122
7160,2,1,122
1519,2,1,122
1516,4,2,242
3264,2,1,122
1521,2,2,244
7158,2,1,122
1518,4,2,242
1523,2,1,122
1520,2,1,122
1525,2,1,122
1522,2,1,122
1514,2,1,122
1527,2,1,122
1524,3,2,192
1529,2,2,192
1526,2,2,192
1531,2,2,192
1528,3,2,192
1530,4,4,392
1535,3,5,472
1532,2,5,472
1537,3,6,542
1534,3,6,542
1536,3,6,520
1539,2,6,520
1538,5,6,520
400,4,6,611
402,3,7,671
403,2,7,671
404,2,7,671
405,5,7,671
1540,3,3,290
1542,2,3,290
1543,2,3,290
1545,3,3,290
1544,2,2,228
1547,2,2,228
1546,2,2,228
1550,2,2,228
1548,2,2,228
1552,3,2,228
1549,2,1,122
1551,2,1,122
1554,2,1,122
1557,2,1,122
1553,2,1,122
1555,2,1,122
1558,2,1,122
1556,2,1,122
1560,2,4,240
1561,3,2,120
1559,2,1,60
1564,2,1,60
1566,3,2,132
1562,3,2,132
1568,3,2,122
1563,2,2,122
1565,4,3,230
1570,3,5,308
1567,2,5,308
1571,4,6,393
1569,2,4,268
1572,3,3,215
1776,2,3,215
1777,2,3,215
1779,3,3,215
1576,2,1,60
1575,2,1,60
1577,2,1,60
1578,2,1,60
1580,2,1,60
395,4,3,151
4773,5,4,239
1579,2,1,60
1581,2,1,60
1582,2,1,60
1585,2,1,60
1584,2,1,60
4352,2,1,60
1586,2,1,60
1587,2,1,60
1588,2,1,60
1591,2,2,162
761,2,2,162
1592,2,1,60
1590,2,1,60
1593,2,1,60
4607,2,1,60
1594,2,1,60
1596,2,1,60
1597,2,1,60
1598,2,1,60
4606,4,2,120
279,4,3,151
1608,2,1,60
1599,2,1,60
1610,2,1,60
1600,2,1,60
1612,2,1,60
1677,3,3,215
1680,2,3,215
1679,2,3,215
1603,3,3,215
1616,4,6,393
1604,2,5,308
1617,2,5,308
1619,3,5,308
1621,4,3,230
1605,2,2,122
1606,3,2,122
1609,3,2,132
1623,3,2,132
1626,2,1,60
1611,2,1,60
1614,3,2,120
1615,4,8,700
1618,2,2,200
1620,2,2,200
1622,2,2,200
6836,2,2,200
1625,2,2,200
1627,2,2,200
6837,2,2,200
1631,2,2,200
1628,2,2,200
1632,2,2,200
6840,2,2,200
2256,3,2,200
1635,4,3,368
1634,2,3,368
1636,2,3,368
1637,2,3,368
1638,3,3,368
1393,6,7,683
605,3,5,466
1639,2,2,155
1640,2,2,155
1641,2,2,155
1642,2,2,155
1643,2,2,155
1644,3,3,212
1646,2,3,212
1645,3,3,212
1647,2,2,155
1649,3,2,155
1675,3,2,155
1678,2,2,155
1682,3,3,212
1681,2,3,212
1684,3,3,212
1683,2,2,155
1686,2,2,155
1685,2,2,155
1688,2,2,155
1687,2,2,155
553,3,5,468
1690,3,3,372
1691,2,3,372
1692,2,3,372
1693,2,3,372
1694,4,3,372
1695,3,2,200
1696,2,2,200
1698,2,2,200
1697,2,2,200
6839,2,2,200
1700,2,2,200
1699,2,2,200
1703,2,2,200
1624,2,2,200
1701,2,2,200
1704,2,2,200
1706,2,2,200
1744,3,2,150
1743,2,1,55
7255,2,1,55
7252,2,1,55
7253,2,1,55
7254,2,1,55
7248,2,1,55
2623,4,3,258
2758,2,2,150
2759,2,2,150
2760,2,2,150
1754,3,2,150
1755,2,1,55
1757,2,1,55
1756,2,1,55
1758,2,1,55
1759,2,1,55
1760,2,1,55
4743,2,1,55
1763,2,1,55
1764,2,1,55
1765,2,1,55
540,4,3,195
2101,3,3,348
2104,2,3,348
2106,2,3,348
2105,3,3,348
303,4,5,364
305,7,9,399
362,3,9,653
363,2,9,653
364,2,9,653
365,5,9,653
2038,3,3,352
2043,2,3,352
2047,2,3,352
2046,3,3,352
462,4,3,195
2729,3,2,150
2731,3,2,150
1655,2,1,55
1660,2,1,55
1657,2,1,55
1662,2,1,55
1659,2,1,55
1664,2,1,55
1661,2,1,55
1666,2,1,55
4744,3,2,150
2741,2,2,150
4726,2,2,150
2632,4,3,258
7245,2,1,55
7246,2,1,55
7249,2,1,55
7250,2,1,55
7251,2,1,55
7256,2,1,55
1676,2,1,55
6835,3,2,150
468,2,4,280
539,4,3,235
541,2,2,140
543,2,2,140
61,2,1,65
222,2,4,347
224,3,6,543
225,3,6,543
1772,2,3,197
1773,2,3,197
1775,2,3,197
1774,2,3,197
109,3,2,155
108,2,2,155
111,3,4,327
110,3,4,327
113,2,3,225
112,2,3,225
114,4,4,274
141,4,4,274
143,2,3,225
145,2,3,225
142,3,4,327
144,3,4,327
146,2,2,155
147,3,2,155
455,3,4,272
457,2,4,272
454,2,4,272
456,2,4,272
459,2,4,272
458,2,4,272
461,3,4,272
460,2,2,140
463,2,2,140
1781,2,1,62
1782,2,1,62
1780,2,1,62
1783,3,2,130
1784,3,2,130
1785,2,1,62
1787,2,1,62
1786,2,1,62
1789,4,4,320
1788,2,4,320
1791,3,4,320
1790,5,5,370
1792,3,3,250
1793,2,2,196
1794,3,3,250
1795,3,3,250
1797,2,2,196
1796,3,2,196
1799,3,2,122
1850,3,2,122
1805,2,2,124
7585,2,1,62
1798,3,2,122
1851,3,2,122
1852,3,2,200
1853,2,2,200
1855,2,2,200
1856,3,3,254
1854,2,3,254
1857,2,3,254
1858,3,3,254
1859,2,2,200
1861,4,4,324
1863,2,4,324
1865,4,4,324
1860,3,2,85
1862,2,2,85
1864,3,2,85
7179,2,1,62
1866,4,2,129
1868,2,1,62
1869,2,1,62
1870,2,1,62
1871,2,2,400
1186,2,5,383
1188,2,5,383
1187,2,5,383
572,7,9,808
576,6,10,953
398,6,8,720
401,6,8,720
1873,2,2,255
1872,3,3,305
1875,2,3,305
1874,2,3,305
1877,3,3,305
1879,2,2,250
1876,2,2,250
1878,2,2,250
1881,4,3,313
1880,2,1,200
1883,4,2,262
1882,3,2,268
1889,2,2,268
1884,2,2,268
1890,2,2,268
1885,2,2,268
1891,2,1,200
388,3,2,236
390,3,2,236
569,3,2,275
573,2,2,275
441,3,3,367
285,3,2,236
286,3,2,236
1907,2,1,200
92,4,3,339
1911,2,2,249
1912,2,2,249
1913,2,3,309
1917,3,3,309
1920,5,4,359
1915,2,3,299
1924,3,3,299
1916,2,3,305
1918,2,3,305
1925,3,3,305
494,5,8,722
495,5,8,722
536,4,10,1044
537,7,11,1139
1919,3,5,534
1097,2,4,334
1098,2,4,334
1100,2,4,334
1099,2,4,334
1926,3,2,188
1921,2,2,188
1928,3,2,188
4750,2,1,134
1930,4,2,188
1923,2,1,134
1932,3,2,188
1927,3,3,211
1934,2,3,211
1929,2,3,211
1937,2,3,211
1931,2,3,211
1939,2,3,211
1941,2,3,211
1933,2,3,211
1935,3,3,211
1893,2,2,192
1886,2,2,192
1887,2,2,192
1895,2,2,192
1888,2,2,192
1898,2,2,192
1892,3,3,215
1900,2,3,215
1894,2,3,215
1902,2,3,215
1896,3,3,215
1904,2,2,192
1897,3,2,192
1906,2,1,138
1899,3,2,192
1908,3,2,192
1901,2,1,138
1910,3,2,192
1903,3,2,192
1905,2,1,138
1401,4,6,378
1947,2,1,55
1951,2,1,55
1953,2,1,55
1936,2,2,110
1943,2,1,55
1938,2,1,55
1940,2,1,55
1946,2,1,55
1942,2,1,55
1979,3,4,325
7129,2,1,67
1977,2,1,67
2653,3,2,175
2655,3,2,175
2000,3,4,302
2005,3,4,302
2002,2,1,67
2006,2,1,67
2003,2,1,67
2007,3,2,135
2009,3,2,135
2008,2,1,67
1804,2,1,67
1808,2,1,67
1810,2,1,67
2011,3,2,139
2010,2,2,139
2013,3,2,139
2012,2,1,67
2015,2,1,67
2014,2,1,67
2017,2,1,67
2016,2,1,67
2021,2,1,67
2019,2,1,67
2024,2,1,67
2025,2,1,67
2023,2,1,67
2026,2,1,67
2027,2,1,67
4219,2,1,68
1948,2,1,68
1955,2,1,68
1949,2,1,68
1956,2,1,68
1950,2,1,68
1958,2,1,68
1952,2,1,68
2022,2,1,68
1954,2,1,68
1960,2,1,68
1957,2,1,68
1959,2,1,68
1961,2,1,68
1964,2,1,68
1963,3,3,163
1966,2,3,163
1968,4,3,163
1739,2,1,68
1742,2,1,68
1741,2,1,68
1965,2,1,68
1967,3,2,136
1970,3,2,136
1969,2,1,68
1972,2,1,68
1974,3,4,303
1975,3,4,303
2604,3,3,271
2599,4,3,271
1998,2,1,68
7130,2,1,68
1999,4,3,190
2063,2,2,128
2064,2,1,65
2065,2,1,65
2066,2,1,65
2067,3,2,134
2069,2,2,134
2068,2,2,134
2070,3,2,134
2071,2,1,65
2072,2,1,65
2073,2,1,65
2074,2,1,65
2075,2,1,65
2076,2,1,65
2077,2,1,65
2079,4,2,134
2078,3,2,157
2080,2,2,157
2081,2,2,157
2082,3,3,217
1981,4,3,217
1978,3,2,157
1983,2,1,65
1980,4,2,134
1985,2,1,65
1982,2,1,65
1987,2,1,65
1984,2,1,65
1986,2,1,65
1989,2,1,65
1991,2,1,65
1988,3,2,134
1990,2,2,134
1993,2,2,134
1992,3,2,134
1995,2,1,65
1994,2,1,65
4347,2,1,65
1996,2,2,128
2062,3,2,205
2085,2,2,205
2086,2,2,205
2087,2,2,205
2088,3,2,205
2089,3,3,412
2090,4,4,467
2091,4,5,486
2056,3,5,486
2093,2,3,408
2094,2,3,408
2095,2,3,408
2098,2,3,408
2096,2,3,408
2099,2,3,408
2097,2,3,408
4627,2,3,408
2100,2,2,293
2103,2,2,293
2108,3,2,293
2107,3,4,331
2110,5,5,380
2037,3,4,317
2034,2,4,317
2112,3,4,317
2111,3,2,159
233,4,3,329
235,3,2,266
2696,5,3,193
82,3,3,427
7264,6,5,438
2692,3,2,170
2029,4,3,294
1096,4,3,242
2030,2,1,110
2031,2,1,110
2033,4,4,317
2727,2,4,317
2109,2,4,317
2039,4,5,380
2035,3,4,331
2041,3,2,297
2036,2,2,297
2040,2,2,297
2042,2,2,297
2049,2,3,412
2044,2,3,412
2045,2,3,412
2051,2,3,412
2048,2,3,412
2053,2,3,412
2050,2,3,412
2092,3,5,490
2052,4,5,490
2057,6,4,467
2054,3,2,205
2055,2,2,205
2058,2,2,205
2059,2,2,205
2060,2,2,205
2061,3,2,205
2145,4,4,412
500,5,6,561
2142,3,5,468
2147,2,4,414
2143,6,6,543
339,3,4,414
341,3,4,414
343,2,3,360
342,3,4,414
344,2,4,414
346,2,4,414
345,2,4,414
348,2,4,414
347,6,6,582
349,5,5,279
350,2,4,230
353,2,4,230
351,2,4,230
355,3,4,230
352,2,3,168
358,4,4,217
354,2,3,168
359,2,3,168
356,2,3,168
357,2,3,168
360,3,4,217
1190,2,1,124
2146,5,3,207
237,4,3,335
238,2,3,335
239,2,3,335
7269,4,5,570
42,2,3,335
44,2,3,335
39,4,3,335
522,5,3,354
304,4,4,217
309,2,3,168
306,2,3,168
310,2,3,168
312,2,3,168
307,4,4,217
308,2,3,168
314,3,4,230
316,2,4,230
311,2,4,230
313,3,4,230
318,4,4,271
315,4,6,582
320,3,6,582
317,2,4,414
322,2,4,414
319,2,4,414
321,2,4,414
323,2,4,414
325,3,4,414
324,4,4,414
2083,5,6,543
2084,2,5,468
396,5,6,561
119,3,9,637
158,3,2,165
160,2,2,165
159,2,2,165
162,3,2,165
161,2,1,90
163,2,1,90
164,5,3,196
7265,7,6,407
7588,2,2,246
165,2,1,90
7270,7,6,407
88,2,2,180
91,2,1,90
93,2,1,90
94,2,3,214
97,3,3,214
96,2,2,165
99,3,2,165
2140,2,2,328
2174,4,2,167
2173,2,1,164
3689,3,2,167
2176,2,2,167
2177,2,2,167
2175,2,2,167
2178,2,2,167
2179,2,2,167
2180,2,2,167
2181,2,2,167
2182,3,2,167
2129,2,1,164
2183,3,2,167
2184,2,2,167
2189,3,3,227
2185,2,3,227
2187,2,3,227
2190,2,3,227
2188,3,3,227
2114,2,2,167
2115,2,2,167
2116,2,2,167
2122,2,3,227
2123,2,3,227
2125,2,3,227
2124,2,3,227
2126,3,3,227
2130,3,2,167
2186,2,1,164
2127,3,2,167
2128,2,2,167
2132,2,2,167
2131,2,2,167
2135,2,2,167
2133,2,2,167
2136,2,2,167
2134,2,2,167
2138,2,2,167
2137,2,2,167
2141,2,2,167
2139,2,2,167
2144,3,2,167
2172,6,6,454
2226,2,1,65
2231,2,1,65
2167,4,2,130
2169,4,2,130
2229,2,1,65
2233,2,1,65
2230,2,1,65
2235,2,1,65
2234,2,1,65
2237,2,1,65
2236,2,1,65
3938,3,2,125
670,2,2,125
2241,2,2,125
2243,2,2,125
2242,2,2,125
2245,3,2,125
2247,3,4,239
2244,2,4,239
2246,2,4,239
2248,3,4,239
2249,3,3,179
496,7,18,1336
2148,3,4,239
2149,2,4,239
2151,2,4,239
2150,2,4,239
2153,3,4,239
2155,3,2,128
2152,2,2,128
2154,2,2,128
2157,2,2,128
4597,2,2,128
2156,3,2,128
2158,2,1,65
2160,2,1,65
2163,2,1,65
2162,2,1,65
2165,2,1,65
2164,2,1,65
2166,2,1,65
2168,2,1,65
2171,2,1,65
2170,2,1,65
2227,3,7,461
3967,3,4,259
2225,2,4,259
2223,2,4,259
2267,3,4,259
4587,2,1,85
2269,4,2,147
4656,2,1,85
1159,2,1,85
2275,2,1,85
4717,2,1,85
2280,2,1,85
1226,2,1,85
1229,2,1,85
4165,2,1,85
4682,2,1,85
4683,2,1,85
2284,4,3,241
2286,2,1,85
2278,2,1,85
2209,2,1,85
2288,2,1,85
2285,2,1,85
2290,2,1,85
2289,2,1,85
2292,3,5,425
2291,3,4,330
2296,3,2,185
2295,2,1,85
2298,2,1,85
2297,2,1,85
2396,5,3,238
2299,2,2,175
2300,3,2,175
2301,2,1,85
2302,2,1,85
2303,2,1,85
2304,2,1,85
2305,2,1,85
2191,2,1,85
2192,2,1,85
2193,2,1,85
2194,2,1,85
7311,2,1,85
2199,3,2,175
2195,2,2,175
2196,4,3,238
2198,2,1,85
2201,2,1,85
2203,2,1,85
2200,3,2,185
2205,2,2,185
2202,2,4,330
2207,2,1,85
2208,2,1,85
2206,2,1,85
2204,2,1,85
2287,2,1,85
2210,2,1,85
2212,2,1,85
2211,4,3,241
2213,2,1,85
2215,2,1,85
2273,2,1,85
2217,2,1,85
2214,2,1,85
4659,2,1,85
4657,2,1,85
4658,2,1,85
3971,2,1,85
4715,2,1,85
2220,4,2,147
2221,2,1,85
2222,3,4,259
3949,2,4,259
3939,2,4,259
2265,2,4,259
2272,2,2,370
2328,3,2,358
2329,3,2,240
2330,2,2,240
2331,3,2,240
2332,3,2,243
2333,3,2,243
2334,2,1,183
2335,2,1,183
2336,2,1,183
2337,2,1,183
2253,2,1,183
2260,2,1,183
2342,4,4,478
2341,3,4,478
2346,2,3,424
2344,4,4,478
1770,2,1,183
1771,3,2,232
1648,3,2,236
1651,2,1,187
2254,4,4,482
2250,3,4,482
2251,2,3,428
2252,6,4,482
1116,4,3,419
1117,2,2,244
1689,3,4,480
2340,2,1,187
2338,2,1,187
2339,2,1,187
2264,2,1,187
2262,2,1,187
4762,2,1,187
2255,2,1,187
2266,3,2,247
2257,3,2,247
2259,3,3,301
2268,2,3,301
2261,3,3,301
2270,3,2,362
2327,2,2,140
2367,3,2,131
2366,3,2,131
2369,2,1,70
2370,2,1,70
2371,2,1,70
2373,2,1,70
2375,2,1,70
2372,2,1,70
2374,2,1,70
2377,2,1,70
2376,2,1,70
2378,2,1,70
2379,2,1,70
2380,2,1,70
2381,4,4,242
2382,2,4,242
2383,3,4,242
2385,3,2,93
2384,2,2,93
2386,3,2,93
2902,4,2,142
7140,2,1,70
2387,2,1,70
2388,2,1,70
2389,4,3,165
2391,2,3,165
2390,3,2,172
617,5,6,511
618,3,6,543
619,3,6,543
502,3,6,545
499,3,6,545
542,3,6,513
501,4,6,513
1778,3,2,172
2306,3,3,165
7141,3,2,93
4155,2,1,70
4156,2,1,70
4157,2,1,70
2932,4,2,142
2308,3,2,93
2309,3,2,93
2311,2,1,70
2310,3,4,242
2312,2,4,242
2313,4,4,242
2314,2,1,70
2315,2,1,70
2316,2,1,70
2317,2,1,70
2318,2,1,70
2319,2,1,70
2320,2,1,70
2321,2,1,70
2322,2,1,70
2323,2,1,70
2324,2,1,70
2325,3,2,131
2326,3,2,131
2392,2,2,145
2395,3,2,145
2394,4,2,150
2397,2,1,90
2399,2,1,90
2398,2,1,90
2401,3,2,147
2400,2,2,147
2404,3,2,147
2402,2,1,90
2406,2,1,90
2403,2,1,90
2405,6,3,181
2407,2,1,90
2410,2,1,90
2413,2,1,90
2412,2,1,90
2415,2,1,90
2414,3,2,147
2417,2,2,147
2416,3,2,147
2419,2,1,90
2418,2,1,90
2421,2,1,90
2420,3,2,153
2423,4,2,150
2422,3,2,145
2425,2,2,145
2424,2,2,145
2426,2,2,124
2519,2,1,62
2428,2,1,62
2427,2,1,62
2534,2,1,62
2432,2,1,62
2431,2,1,62
2433,2,1,62
2435,2,1,62
2434,2,1,62
2437,2,1,62
2436,2,1,62
2440,2,1,62
2438,2,1,62
2439,3,2,157
2441,2,2,157
2443,2,2,157
2442,2,2,157
2445,2,2,157
2444,3,3,225
2447,3,4,248
2446,2,4,248
2451,3,4,248
2448,2,1,62
2453,2,1,62
2449,2,1,62
2450,2,1,62
2455,2,1,62
2452,2,1,62
2457,4,4,265
2916,3,4,265
2458,2,1,62
2456,2,1,62
2459,2,1,62
2460,2,1,62
2465,2,1,62
2461,2,1,62
2466,2,1,62
2462,2,1,62
557,4,2,137
2468,2,1,62
2470,2,1,62
2463,2,1,62
2464,2,1,62
2471,2,1,62
2477,3,2,162
84,3,3,190
7589,2,1,62
2481,2,1,62
2483,2,1,62
2491,4,3,171
2494,2,1,62
2485,2,1,62
449,4,2,137
2496,2,1,62
2487,2,1,62
2497,2,1,62
2489,2,1,62
2499,2,1,62
2492,2,1,62
2493,2,1,62
6966,2,2,212
2454,3,4,265
2651,4,4,265
2495,2,1,62
2498,2,1,62
2500,2,1,62
2502,2,1,62
2501,2,1,62
2503,2,1,62
2504,3,4,248
2505,2,4,248
2521,3,4,248
2520,3,3,225
2511,2,2,157
2518,2,2,157
2513,2,2,157
2516,2,2,157
2517,3,2,157
2522,2,1,62
2523,2,1,62
2524,2,1,62
2506,2,1,62
2529,2,1,62
2527,2,1,62
2507,2,1,62
2508,2,1,62
2510,2,1,62
2430,2,1,62
2429,2,1,62
2536,2,1,62
2479,4,4,310
4378,3,2,168
2530,2,1,106
2509,3,2,168
2540,2,2,168
406,3,3,281
408,2,3,281
407,2,3,281
411,2,3,281
409,3,3,281
4174,2,1,106
4175,2,1,106
4176,2,1,106
4114,4,2,201
4177,2,1,106
4178,2,1,106
4179,2,1,106
3199,2,1,106
4180,2,1,106
4181,2,1,106
4183,2,1,106
4184,2,1,106
4185,2,1,106
4186,2,1,106
4062,3,2,226
4058,2,2,226
4064,2,2,226
4066,2,2,226
4068,3,2,226
4166,2,1,106
4167,2,1,106
4168,2,1,106
4169,2,1,106
2531,3,2,163
2528,2,2,163
2532,2,2,163
2538,2,2,163
2533,3,2,163
2542,2,1,106
2467,3,4,326
2472,2,2,163
2480,2,2,163
2482,2,2,163
2474,3,2,163
4170,2,1,106
4171,2,1,106
4172,2,1,106
4173,2,1,106
4002,3,2,226
4004,2,2,226
3996,2,2,226
3997,2,2,226
4006,3,2,226
4187,2,1,106
4188,2,1,106
4189,2,1,106
4191,2,1,106
4192,2,1,106
4533,2,1,106
3265,2,1,106
4193,2,1,106
4194,2,1,106
4195,2,1,106
4196,4,2,201
4197,2,1,106
4198,2,1,106
4199,2,1,106
486,3,3,281
489,2,3,281
491,2,3,281
488,3,3,281
75,2,2,312
7122,2,1,156
3262,3,2,216
3263,2,2,216
204,2,2,216
205,2,2,216
206,2,2,216
207,3,2,216
208,3,2,264
211,2,2,264
209,3,3,356
210,2,3,356
212,3,3,356
214,2,2,248
215,2,2,248
216,2,2,248
218,2,2,248
217,2,2,248
220,2,2,248
226,2,3,346
228,2,3,346
230,2,3,346
227,2,3,346
229,3,3,346
4755,2,1,156
4756,2,1,156
4757,2,1,156
231,2,1,156
234,4,3,314
236,2,1,156
41,3,2,219
43,3,3,314
46,2,3,314
47,3,3,314
45,2,1,156
49,2,1,156
48,2,1,156
50,3,2,271
51,2,2,271
52,2,2,271
53,2,2,271
54,2,2,271
55,2,2,271
58,2,2,248
62,2,2,248
67,2,2,248
63,2,2,248
72,3,3,356
64,2,3,356
4754,2,3,356
73,3,3,356
213,5,3,356
68,3,2,216
74,2,2,216
69,2,2,216
70,2,2,216
71,2,2,216
77,3,2,216
7121,2,1,156
4412,2,2,120
2699,2,2,140
2702,4,4,330
2703,6,5,405
1095,4,2,68
2704,4,3,190
2706,2,2,155
2707,3,2,155
2710,2,1,60
3176,3,2,109
2708,3,2,109
2711,2,2,160
2709,2,2,160
2712,2,2,160
1719,2,3,223
1720,2,3,223
2713,3,2,160
2714,2,1,60
4333,2,1,60
4312,4,2,115
4294,2,1,60
2716,2,1,60
2718,2,1,60
2719,3,2,132
2717,2,2,132
2722,3,2,132
2584,5,3,236
2720,2,1,60
2549,2,1,60
2553,5,3,236
2551,3,2,132
2556,2,2,132
2554,3,2,132
2555,2,1,60
2558,2,1,60
4295,2,1,60
4323,4,2,115
4336,2,1,60
2560,2,1,60
2559,3,2,160
1826,2,3,223
1830,3,3,223
2562,2,2,160
2561,2,2,160
2564,2,2,160
2563,3,2,160
1914,2,2,109
2565,3,2,155
2566,2,2,155
2567,7,4,225
2573,3,4,330
2579,4,4,330
2574,2,2,140
2581,2,2,140
2535,2,2,126
7596,3,2,126
7597,2,2,126
7598,3,2,126
2544,2,1,63
2537,2,1,63
2546,2,1,63
2539,2,1,63
2548,2,1,63
2550,3,2,126
2541,3,2,126
2543,3,2,126
2545,2,2,126
2552,2,2,126
1768,3,3,221
4269,2,2,158
4270,2,2,158
7272,3,2,158
7582,2,2,126
2728,2,2,158
2726,2,2,158
1650,3,3,221
2746,2,2,126
2748,2,2,126
2747,3,2,126
2750,3,2,126
2749,3,2,126
2752,2,1,63
2751,2,1,63
2754,2,1,63
2756,2,1,63
2630,2,1,108
2627,2,1,108
4737,2,1,108
2631,2,1,108
2633,2,2,203
4738,3,2,203
2637,2,1,108
2638,2,1,108
2635,2,1,108
2636,2,1,108
2639,2,1,108
2643,2,1,108
4739,2,1,108
2641,2,1,108
2646,2,1,108
2642,2,1,108
2610,2,1,108
2647,2,1,108
2645,2,1,108
2648,2,1,108
2649,2,1,108
2650,2,1,108
2652,2,1,108
2654,4,3,248
2600,4,4,356
2657,3,3,248
2656,2,3,248
2659,3,3,248
2658,2,2,176
2660,3,2,176
2663,2,1,108
2661,2,1,108
2665,3,2,176
2662,2,2,176
2664,2,2,176
2666,4,2,180
1813,2,1,108
1816,2,1,108
2668,2,1,108
2672,2,1,108
2674,2,1,108
2667,2,1,108
2669,2,1,108
2670,2,1,108
2673,2,1,108
2671,2,1,108
7576,2,1,108
7138,2,1,108
7139,2,1,108
2575,2,1,108
2580,2,1,108
2576,2,1,108
2577,2,1,108
2585,2,1,108
2578,2,1,108
2587,2,1,108
2582,2,1,108
1732,2,1,108
1733,2,1,108
2589,4,2,180
2591,2,2,176
2586,2,2,176
2593,3,2,176
2588,2,1,108
2595,2,1,108
2590,2,1,108
2592,3,2,176
2597,2,2,176
2594,3,3,248
2596,2,3,248
2598,2,3,248
2602,4,4,343
2601,2,1,108
2603,2,1,108
2607,2,1,108
2605,2,1,108
2609,2,1,108
2606,2,1,108
4741,2,1,108
4742,2,1,108
2611,2,1,108
2612,2,1,108
2613,2,1,108
2614,2,1,108
2615,2,1,108
2616,2,1,108
2617,2,1,108
2618,2,1,108
2620,2,1,108
2619,2,1,108
4740,3,2,203
2621,2,2,203
2624,2,1,108
2625,2,1,108
2629,2,1,108
2626,2,1,108
6834,2,1,108
4112,4,6,740
4560,3,2,249
2348,3,4,318
2345,2,4,318
2349,3,4,318
2347,2,3,264
2350,3,4,318
2351,3,4,318
2353,2,3,264
2352,3,4,318
2355,3,4,318
2357,2,3,264
2354,5,5,378
2775,4,5,373
2776,2,5,373
2777,2,5,373
2778,2,5,373
2779,2,5,373
2781,3,5,373
2780,4,4,319
4669,4,2,257
2677,4,5,373
2675,2,4,319
2676,4,5,373
2678,3,5,373
2680,3,5,373
2356,2,4,318
2359,3,4,318
2358,2,3,264
2360,4,4,318
2361,2,3,264
2364,3,4,318
2362,3,4,318
2363,2,3,264
2368,3,4,318
2365,3,4,318
3300,4,2,161
2683,2,1,69
2679,2,1,69
2682,2,1,69
4126,2,1,69
2685,2,1,69
2684,2,1,69
2686,2,1,69
2688,2,1,69
2687,2,1,69
2691,2,1,69
2690,2,1,69
78,3,4,189
2118,4,2,129
2117,2,1,69
2789,2,1,69
2807,2,1,69
2806,2,1,69
2809,2,1,69
2808,2,1,69
2811,2,1,69
2810,2,1,69
1997,2,1,69
2812,2,1,69
2813,2,1,69
2815,2,1,69
3339,4,2,161
2745,4,6,420
1746,2,2,150
1745,2,2,150
1748,2,2,150
1747,3,2,150
2755,2,1,95
2761,2,1,95
2762,2,1,95
2763,2,1,95
2764,2,1,95
2766,2,1,95
2765,2,1,95
2768,2,1,95
2772,2,1,95
2770,2,1,95
2767,2,1,95
1766,2,1,95
1767,2,1,95
1769,2,1,95
2769,2,1,95
2771,2,1,95
2774,2,1,95
1654,2,1,95
1652,2,1,95
2730,2,1,95
2733,2,1,95
2732,2,1,95
2734,2,1,95
2737,2,1,95
2735,2,1,95
2738,2,1,95
2736,2,1,95
2743,2,1,95
1670,3,2,150
1669,2,2,150
1674,2,2,150
1671,2,2,150
2833,3,2,125
2836,2,2,125
2838,2,2,125
2835,2,3,217
2837,2,3,217
2840,3,3,217
2842,2,1,57
2839,2,1,57
2841,2,1,57
2844,3,2,112
7267,2,1,57
2547,2,2,114
2843,3,2,112
2846,2,1,57
2845,2,1,57
2848,2,1,57
3301,3,3,217
3302,2,3,217
3303,2,3,217
2855,2,2,125
2852,3,2,125
2873,2,1,60
2874,2,1,60
2875,2,1,60
2877,2,1,60
2876,2,1,60
2879,2,1,60
2878,2,1,60
2393,3,4,268
2880,2,1,60
2883,2,1,60
2882,2,1,60
2885,2,1,60
2884,2,1,60
2887,2,1,60
2886,2,1,60
2889,2,1,60
2888,2,1,60
7567,2,1,60
2854,2,1,60
2857,2,1,60
2856,2,1,60
2858,2,1,60
2859,2,1,60
2860,2,1,60
2861,2,1,60
2862,2,1,60
2863,2,1,60
2867,2,1,60
2866,2,1,60
2868,2,1,60
2869,2,1,60
2870,2,1,60
2871,2,1,60
2872,2,1,60
2920,2,2,95
2921,3,2,95
2924,3,3,235
2925,2,2,140
2926,2,1,72
2922,2,1,72
2923,2,1,72
2927,2,1,72
2931,2,1,72
1735,2,1,72
1734,2,1,72
1736,2,1,72
1738,2,1,72
1737,2,1,72
1740,2,1,72
2929,3,2,95
2928,2,2,95
2930,3,2,95
7176,2,1,72
2933,2,1,72
2934,4,2,95
7531,2,1,72
7532,2,1,72
7533,2,1,72
4324,2,1,72
7538,2,1,72
7537,2,1,72
7536,2,1,72
7535,2,1,72
7534,2,1,72
2307,2,1,72
2904,2,1,72
2907,2,1,72
2906,6,5,267
2909,3,2,95
2908,2,2,95
2910,2,2,95
1806,2,1,72
1807,2,1,72
1812,2,1,72
1809,2,1,72
1814,2,1,72
1811,2,1,72
2911,2,1,72
2913,2,1,72
2912,2,1,72
2918,2,1,72
2914,2,1,72
2917,3,3,235
2915,3,2,95
2919,2,2,95
2484,2,1,57
2475,2,1,57
2486,2,1,57
2488,2,1,57
2490,2,1,57
2977,3,2,177
2980,2,2,177
4065,2,2,177
4070,2,2,177
2981,2,2,177
2984,2,2,177
2983,3,2,177
2987,2,1,57
2985,2,1,57
2988,2,1,57
2986,2,1,57
2990,2,1,57
2936,2,1,57
2935,2,1,57
2938,2,1,57
2937,2,1,57
2940,2,1,57
2939,3,2,177
2941,2,2,177
3990,2,2,177
3995,2,2,177
3991,2,2,177
2944,2,2,177
2945,3,2,177
2515,2,1,57
2514,2,1,57
7152,2,1,57
2525,2,1,57
2526,2,1,57
2972,2,2,140
3044,2,1,70
3046,2,1,70
3045,2,1,70
3047,2,1,70
3048,2,1,70
3049,2,1,70
3051,2,1,70
3050,2,1,70
3053,2,1,70
3052,2,1,70
3054,2,1,70
3055,2,1,70
3057,2,1,70
3056,2,1,70
3060,2,1,70
3058,2,1,70
3061,2,1,70
3059,2,1,70
3062,2,1,70
3063,2,1,70
3065,2,1,70
4262,2,1,70
4263,2,1,70
4760,2,1,70
3069,2,1,70
3066,2,1,70
3068,2,1,70
3071,2,1,70
2834,3,2,130
2783,3,4,260
2782,4,2,130
2946,2,1,70
2947,2,1,70
2948,2,1,70
2949,2,1,70
2950,2,1,70
2725,2,1,70
2569,2,1,70
2570,4,2,93
2571,2,1,70
2572,5,4,345
2955,2,1,70
2953,2,1,70
2956,2,1,70
2957,2,1,70
2959,2,1,70
2958,2,1,70
2961,2,1,70
2962,2,1,70
2963,2,1,70
2964,2,1,70
2965,2,1,70
2968,2,1,70
2966,2,1,70
2970,2,1,70
2967,2,1,70
7134,2,1,55
2976,2,2,135
2973,2,2,135
2975,2,2,135
2978,2,1,55
389,3,2,91
392,2,2,91
391,2,2,91
397,3,6,480
282,2,2,91
283,2,2,91
284,3,2,91
2969,2,1,55
2974,2,2,135
2971,3,3,210
7132,2,1,55
7133,2,1,55
2989,2,2,120
2991,2,1,60
2992,2,1,60
2993,2,1,60
2998,2,1,60
2999,2,1,60
3000,2,1,60
3002,2,1,60
3001,2,1,60
3004,2,1,60
3003,2,1,60
3005,2,1,60
3006,2,1,60
3008,2,1,60
3007,2,1,60
3010,2,1,60
3009,3,2,120
3012,3,2,120
3011,2,1,60
3014,2,1,60
3013,2,1,60
3016,2,1,60
3015,2,1,60
3017,2,1,60
3018,2,1,60
2784,2,1,60
2785,2,1,60
2786,2,1,60
2787,2,1,60
2828,2,1,60
2829,2,1,60
2832,2,1,60
2831,2,1,60
3067,2,1,60
3074,2,1,60
3072,2,1,60
3075,2,1,60
3073,2,1,60
3076,2,1,60
3079,3,2,120
3078,3,2,120
3082,2,1,60
3084,2,1,60
3081,2,1,60
3083,2,1,60
3085,2,1,60
3086,2,1,60
3088,2,1,60
3087,2,1,60
3090,2,1,60
4276,2,1,60
3089,2,1,60
3091,2,1,60
3092,2,1,60
3096,2,1,60
3098,2,1,60
3099,2,1,60
3043,4,4,412
4160,2,1,92
673,2,1,92
3116,2,3,174
3119,2,3,174
3118,2,3,174
3121,2,3,174
3120,2,3,174
3123,2,3,174
3122,2,3,174
3125,2,3,174
3124,2,3,174
3127,2,3,174
3126,2,3,174
3128,2,3,174
3129,2,3,174
3131,2,3,174
3130,2,3,174
3133,2,3,174
3132,2,3,174
3136,2,3,174
3134,2,3,174
3137,2,3,174
3135,2,3,174
3139,2,3,174
3138,2,3,174
3019,2,3,174
3020,2,3,174
3021,2,3,174
3023,2,3,174
3025,2,3,174
3024,2,3,174
3026,2,3,174
3027,2,3,174
3028,2,3,174
3029,2,3,174
3030,2,3,174
3031,2,3,174
3032,2,3,174
3033,2,3,174
3034,2,3,174
3035,2,3,174
3036,2,3,174
3038,2,3,174
3039,2,3,174
3040,2,3,174
3041,2,3,174
3042,2,3,174
4421,2,3,174
675,2,1,92
4158,2,1,92
7550,2,1,95
7551,2,1,95
7552,2,1,95
7556,2,1,95
7313,2,1,95
7314,2,1,95
7315,2,1,95
7316,2,1,95
7322,2,1,95
7323,2,1,95
3141,3,2,156
3140,2,2,156
3145,2,2,156
3142,2,2,156
3146,2,2,156
3143,2,2,156
3144,2,2,156
3147,2,2,156
3148,2,2,156
3150,2,2,156
3152,2,2,156
3154,2,2,156
3149,2,2,156
3151,3,2,156
3153,2,3,186
3156,2,3,186
3155,3,3,186
3101,3,3,186
3100,2,3,186
3103,2,3,186
3102,3,2,156
3105,2,2,156
3104,2,2,156
3107,2,2,156
3106,2,2,156
3109,2,2,156
3108,2,2,156
3110,2,2,156
3111,2,2,156
3113,2,2,156
3112,2,2,156
3115,2,2,156
3114,2,2,156
3117,3,2,156
7324,2,1,95
7325,2,1,95
7317,2,1,95
7318,2,1,95
7319,2,1,95
7320,2,1,95
7557,2,1,95
7553,2,1,95
7554,2,1,95
7555,2,1,95
334,1,2,96
335,2,2,96
336,2,2,96
338,2,2,96
337,2,2,96
340,3,2,96
385,4,2,52
384,4,2,111
387,4,2,52
386,4,2,85
288,4,2,85
3164,4,3,186
330,3,2,96
327,2,2,96
329,2,2,96
332,2,2,96
331,2,2,96
333,1,2,96
6845,2,2,80
3385,4,3,150
3384,3,2,90
4557,2,1,40
4676,2,1,40
580,2,1,40
581,2,1,40
582,2,1,40
583,4,4,342
585,3,4,331
584,3,4,331
587,2,3,269
586,3,3,269
7145,2,1,40
7146,2,1,40
7147,2,1,40
6850,2,1,40
6851,2,1,40
6852,2,1,40
608,3,4,327
607,3,5,428
610,3,5,428
609,3,4,327
612,3,3,311
3157,2,2,80
506,7,5,435
547,2,3,313
507,3,4,329
548,3,4,329
551,4,4,419
508,3,4,329
509,3,4,329
6847,2,1,40
6848,2,1,40
6849,2,1,40
7148,2,1,40
7149,2,1,40
7150,2,1,40
7151,2,1,40
523,4,3,271
524,2,3,271
525,2,3,271
526,3,4,333
527,3,4,333
528,3,4,344
529,3,4,344
530,2,1,40
4463,2,1,40
4470,2,1,40
4471,2,1,40
4486,2,1,40
4553,2,1,40
4554,2,1,40
3383,3,3,150
3381,3,3,150
3160,2,2,70
4392,2,5,281
80,2,2,85
498,3,4,318
3162,2,1,75
3175,2,1,75
3185,2,2,230
3184,2,2,230
3186,2,2,160
1192,3,3,208
1092,2,3,208
1093,2,3,208
1094,3,3,208
4231,2,1,80
484,3,2,175
3187,3,3,208
3188,3,2,135
3189,2,2,135
3190,3,2,135
531,2,3,304
532,2,3,304
533,2,3,304
534,2,3,304
535,3,3,304
3191,3,2,168
3192,3,2,168
3193,2,1,73
3194,2,1,73
3195,2,1,73
3196,2,1,73
3197,2,1,73
3200,2,1,73
3202,2,1,73
3198,2,1,73
3201,2,2,146
3267,2,1,73
3266,2,1,73
3269,2,1,73
3268,2,1,73
3271,2,1,73
3270,2,1,73
3273,2,1,73
3272,3,2,168
3275,2,2,168
3274,3,2,168
3277,3,3,302
575,2,3,302
578,2,3,302
577,2,3,302
579,2,3,302
3276,3,2,135
7144,2,2,135
3278,2,2,135
7137,2,2,120
3239,2,1,60
3238,2,1,60
3241,2,1,60
3243,2,1,60
3240,2,1,60
3242,2,1,60
4164,2,1,60
4491,2,1,60
3247,2,1,60
3246,2,1,60
3249,2,1,60
3248,2,1,60
3251,2,1,60
3250,2,1,60
3253,2,1,60
3252,2,1,60
3256,2,1,60
3254,2,1,60
3258,2,1,60
3255,2,1,60
3208,2,1,60
3257,2,1,60
3205,2,1,60
3261,2,1,60
3260,2,1,60
3204,2,1,60
3203,2,1,60
3206,2,1,60
3259,2,1,60
3207,2,1,60
3210,2,1,60
3209,2,1,60
3214,2,1,60
3212,2,1,60
3211,2,1,60
3213,2,1,60
3216,2,1,60
3215,2,1,60
3217,2,1,60
3218,2,1,60
3219,2,1,60
3220,2,1,60
3245,2,1,60
4681,2,1,60
3224,2,1,60
3226,2,1,60
3225,2,1,60
3228,2,1,60
3227,2,1,60
3230,2,1,60
3229,2,1,60
611,6,4,388
564,3,2,167
567,2,2,167
570,2,2,167
3340,2,1,92
3344,2,1,92
3342,2,1,92
1432,2,1,92
3298,2,1,92
3299,2,1,92
444,2,2,167
443,2,2,167
446,3,2,167
425,2,1,95
424,2,1,95
474,2,1,95
471,2,1,95
4559,4,4,352
1922,2,1,54
4489,2,1,54
3811,2,2,77
328,2,1,54
7014,2,2,97
7011,2,1,32
7013,2,1,49
4555,2,1,60
3387,3,2,110
3386,2,2,110
3388,2,2,110
3389,2,2,110
3391,3,2,110
6983,3,2,122
1503,2,2,155
3390,2,2,155
3395,3,2,155
4131,2,1,60
3392,2,1,60
3396,2,1,60
3393,2,1,60
4229,2,1,60
3397,2,1,60
3394,2,1,60
3399,2,1,60
3398,2,1,60
3400,2,1,60
3402,2,1,60
3401,2,1,60
3364,2,2,120
3363,2,1,60
3365,2,1,60
3366,2,1,60
3368,2,1,60
3369,2,1,60
3367,2,1,60
3370,2,1,60
3372,2,1,60
3373,2,1,60
3375,2,1,60
3374,3,2,155
3377,2,2,155
1533,2,2,155
3376,3,2,110
3378,2,2,110
3379,2,2,110
3380,2,2,110
3382,2,2,110
3362,1,3,72
3360,3,3,72
3403,3,3,72
3405,1,3,72
3874,2,4,140
1189,2,1,8
3415,2,2,78
3414,2,2,78
3417,2,2,78
3416,2,2,78
3419,2,2,78
3421,2,2,78
3418,2,2,78
3420,2,2,78
3423,4,4,195
3404,4,4,195
3161,2,1,23
7027,2,1,23
3407,3,2,78
3406,2,2,78
3409,2,2,78
3408,2,2,78
3411,2,2,78
3410,2,2,78
3412,2,2,78
3413,2,2,78
3343,2,1,102
3347,2,1,102
3345,2,1,102
3346,2,1,102
3349,2,1,102
3351,2,1,102
3353,2,1,102
3348,2,1,102
3350,2,1,102
3352,2,1,102
3355,2,1,102
3354,2,1,102
3356,2,1,102
3357,2,1,102
3358,2,1,102
3361,2,1,102
3359,2,1,102
4772,2,1,102
1583,2,1,102
4571,2,1,102
4549,2,1,102
4608,2,1,102
4217,2,1,102
4351,2,1,102
4609,2,1,102
7575,2,1,102
7574,2,1,102
7573,2,1,102
4771,2,1,102
3321,2,1,102
7279,2,1,102
3324,2,1,102
3325,2,1,102
3328,2,1,102
3326,2,1,102
3327,2,1,102
3329,2,1,102
3330,2,1,102
3331,2,1,102
3332,2,1,102
3333,2,1,102
3334,2,1,102
3335,2,1,102
3336,2,1,102
3337,2,1,102
3341,2,1,102
3338,2,1,102
3427,1,3,145
3428,2,3,145
3429,2,3,145
699,4,6,375
698,2,6,375
701,3,6,375
700,2,5,315
703,2,5,315
3431,2,5,315
3432,2,5,315
3422,2,5,315
3430,2,5,315
641,2,5,315
643,3,5,315
644,3,6,375
645,2,6,375
646,4,6,375
3876,2,3,145
3424,2,3,145
3425,1,3,145
642,3,4,255
3434,1,1,56
695,3,2,170
694,2,2,170
697,2,2,170
696,2,2,170
3435,2,2,170
647,2,2,170
648,2,2,170
649,2,2,170
650,2,2,170
651,3,2,170
3433,1,1,56
3928,1,1,50
3930,2,1,50
3929,2,1,50
3925,2,1,50
3926,2,1,50
3927,2,1,50
3932,2,1,50
3931,2,1,50
5826,2,1,50
3917,2,1,50
3918,2,1,50
3921,2,1,50
3919,2,1,50
3920,2,1,50
3922,2,1,50
3923,1,1,50
2276,1,1,57
3964,3,3,174
3944,2,2,114
2274,2,2,114
3956,2,2,114
3940,2,2,114
3943,2,2,114
3952,3,2,114
4759,2,2,232
4588,2,3,289
4490,2,1,57
4592,2,3,289
3954,2,2,114
3950,2,2,114
3953,2,2,114
3951,2,2,114
3974,2,2,114
2224,2,2,114
3945,3,3,174
3941,1,1,57
3436,3,4,233
3437,2,4,233
3438,2,4,233
3439,2,4,233
3440,2,4,233
3441,2,4,233
3442,2,4,233
3443,3,4,233
3444,3,4,232
3311,2,4,232
3313,2,4,232
3312,2,4,232
3446,2,4,232
3445,2,4,232
3448,2,4,232
3447,2,4,232
3450,3,4,232
3449,6,5,292
3452,2,3,172
3451,3,3,172
3453,4,3,172
3454,4,3,172
3456,2,2,152
4767,4,3,172
4768,2,2,152
4769,4,3,172
4770,2,2,152
6942,2,2,24
4763,3,3,172
4764,2,3,172
4765,2,3,172
4766,2,3,172
3455,2,3,172
3457,3,3,172
3458,2,2,152
3459,3,3,172
3460,2,3,172
3461,2,3,172
3462,3,3,212
3466,3,4,232
3463,2,4,232
3464,2,4,232
3465,2,4,232
3468,2,4,232
3289,2,4,232
3288,2,4,232
3290,2,4,232
3467,3,4,232
3470,3,4,233
3469,2,4,233
3472,2,4,233
3471,2,4,233
3474,2,4,233
3473,2,4,233
3476,2,4,233
3475,3,4,233
4313,2,1,55
4314,2,1,55
3574,4,3,186
3575,2,3,186
3576,2,3,186
3577,2,3,186
3578,2,3,186
3579,2,3,186
2583,2,3,186
4292,2,3,186
4317,2,3,186
4318,2,3,186
4319,2,3,186
4320,4,3,186
4321,2,1,55
4322,2,1,55
7222,2,2,40
3501,3,2,87
3503,3,2,87
7244,2,1,20
7237,2,1,20
7238,2,1,20
7239,2,1,20
7240,2,1,20
7241,2,1,20
7242,2,1,20
7232,2,1,20
7233,2,1,20
7234,2,1,20
7235,2,1,20
7236,2,1,20
7243,2,1,20
3551,4,2,87
7291,2,1,63
7294,2,1,63
4338,2,1,63
3163,2,1,63
1825,2,1,63
1824,2,1,63
1828,2,1,63
7600,4,2,126
7599,4,2,126
2899,2,1,63
2900,2,1,63
2905,2,1,63
2890,2,1,63
2893,2,1,63
2895,2,1,63
7577,2,1,63
1723,2,1,63
1724,2,1,63
3159,2,1,63
4337,2,1,63
7293,2,1,63
7292,2,1,63
3478,3,2,168
3477,2,1,100
7304,2,2,120
3528,2,1,60
3530,2,1,60
1242,2,1,60
3529,2,1,60
3532,2,1,60
3531,2,1,60
3535,2,1,60
3166,4,2,109
3519,2,1,60
3521,2,1,60
3523,2,1,60
3524,2,1,60
7070,2,1,60
3526,2,1,60
3525,2,1,60
3527,2,1,60
7604,2,2,136
7603,2,1,68
7601,2,1,68
7602,2,1,68
2004,2,1,68
3484,2,1,68
3567,2,1,68
3571,2,1,68
3569,2,1,68
3572,2,1,68
3570,2,1,68
3573,2,1,68
3580,2,1,68
3581,2,1,68
3480,2,1,68
3479,2,1,68
4277,2,1,68
4278,2,1,68
4279,2,1,68
4280,2,1,68
3481,2,1,68
3483,2,1,68
1973,2,1,68
7607,2,1,68
7606,2,1,68
7605,2,1,68
545,2,1,75
549,2,1,75
550,2,1,75
552,2,1,75
554,2,1,75
559,2,1,75
561,2,1,75
565,2,1,75
560,2,1,75
566,2,1,75
562,2,1,75
563,2,2,124
445,2,1,75
448,2,1,75
447,2,1,75
451,2,1,75
453,2,1,75
450,2,1,75
452,2,1,75
4680,2,1,34
3660,3,2,191
1389,4,3,292
615,5,3,296
3170,4,2,65
3182,4,2,65
503,3,2,197
1304,5,3,297
3639,3,2,191
3522,2,2,134
3536,3,2,102
3533,2,2,102
3534,2,2,102
3538,3,2,102
3537,2,1,67
3539,2,1,67
3540,2,1,67
3541,2,1,67
3542,2,1,67
3544,2,1,67
3543,2,1,67
3545,2,1,67
3546,2,1,67
3547,4,2,117
3548,2,1,67
3549,2,1,67
3550,2,1,67
3552,2,1,67
3553,2,1,67
3555,2,1,67
3554,2,1,67
3556,2,1,67
3557,2,1,67
3558,2,1,67
3559,2,1,67
3560,2,1,67
3561,2,1,67
3563,2,1,67
3562,2,1,67
3564,2,1,67
3565,2,1,67
3566,2,1,67
3485,2,1,67
3489,2,1,67
3491,2,1,67
3487,2,1,67
3493,2,1,67
3488,2,1,67
3490,2,1,67
3494,2,1,67
3492,2,1,67
3495,2,1,67
3497,2,1,67
3496,2,1,67
3499,2,1,67
3498,2,1,67
3500,2,1,67
3502,2,1,67
3505,2,1,67
3504,2,1,67
3506,4,2,117
3507,2,1,67
3510,2,1,67
3509,2,1,67
3512,2,1,67
3508,2,1,67
3513,2,1,67
3511,2,1,67
3517,2,1,67
3514,2,1,67
3515,3,2,102
3518,3,2,102
3520,2,1,67
3516,4,2,102
3600,2,2,122
3602,2,1,61
3606,2,1,61
3603,2,1,61
3604,2,1,61
3607,2,1,61
3605,2,1,61
3608,2,1,61
3609,2,1,61
3610,2,1,61
3613,2,1,61
3611,2,1,61
3612,2,1,61
3615,2,1,61
3614,2,1,61
3617,2,1,61
3616,2,1,61
3619,2,1,61
3618,2,1,61
3620,2,1,61
3583,2,1,61
3585,2,1,61
3582,2,1,61
3584,2,1,61
3587,2,1,61
3586,2,1,61
3588,2,1,61
3590,2,1,61
3591,2,1,61
3589,2,1,61
3593,2,1,61
3592,2,1,61
3595,2,1,61
3594,2,1,61
3596,2,1,61
3598,2,1,61
3597,2,1,61
3599,2,1,61
3601,2,1,61
1122,2,1,95
7306,2,1,95
7593,2,1,95
3629,2,1,95
7073,2,1,95
7076,2,1,95
7074,2,1,95
3626,2,1,95
3631,2,1,95
3627,2,1,95
7069,2,1,95
3630,2,1,95
3632,2,1,95
3633,2,1,95
7594,2,1,95
3621,2,1,95
3622,2,1,95
3624,2,1,95
7068,2,1,95
3623,2,1,95
7077,2,1,95
3628,2,1,95
3625,2,1,95
7075,2,1,95
7072,2,1,95
4225,2,1,95
7592,2,1,95
7307,2,1,95
3304,2,1,60
3306,2,1,60
3305,2,1,60
3308,2,1,60
3307,2,1,60
3309,2,1,60
3310,2,1,60
3777,2,1,60
3778,2,1,60
3779,2,1,60
3780,2,1,60
3781,2,1,60
3782,2,1,60
3783,2,1,60
3784,2,1,60
3785,2,1,60
3786,2,1,60
3787,2,1,60
7154,2,1,60
7153,2,1,60
3789,2,1,60
3962,3,2,123
4600,3,2,123
2159,2,1,60
3792,2,1,60
3795,2,1,60
3794,2,1,60
3720,2,2,120
3722,2,1,60
3724,2,1,60
3721,2,1,60
2240,2,1,60
4599,3,2,120
4601,3,2,120
3726,2,1,60
3729,2,1,60
3730,2,1,60
3732,2,1,60
3731,2,1,60
3733,2,1,60
3735,2,1,60
3739,2,1,60
3734,2,1,60
3741,2,1,60
3736,2,1,60
3737,2,1,60
3738,2,1,60
3740,2,1,60
3292,2,1,60
3293,2,1,60
3291,2,1,60
3294,2,1,60
3296,2,1,60
3295,2,1,60
3297,2,1,60
3650,2,1,175
3652,2,1,175
1383,3,2,276
3651,2,1,175
3653,2,1,175
3655,2,1,175
3656,2,1,175
3657,2,1,175
1391,4,2,276
4147,2,1,175
4753,2,1,175
3659,2,1,175
4751,2,1,175
4752,2,1,175
3636,2,1,175
3637,2,1,175
4758,2,1,175
4702,2,1,175
3638,2,1,175
3640,2,1,175
3642,2,1,175
3641,2,1,175
3644,2,1,175
1308,4,2,281
3645,2,1,175
3646,2,1,175
3647,2,1,175
1311,3,2,281
3675,5,6,208
3678,3,2,79
3680,5,3,104
3679,4,2,79
3683,5,3,82
3681,3,2,79
3685,2,2,79
3687,2,2,79
3686,2,2,79
3688,3,2,79
3662,3,2,79
3664,2,2,79
3663,2,2,79
3666,2,2,79
3665,2,2,79
3670,2,2,79
3671,2,2,79
3672,4,2,79
6922,4,2,79
3719,2,2,140
3743,2,1,70
3742,2,1,70
3745,2,1,70
3744,2,1,70
3748,2,1,70
3746,2,1,70
3747,2,1,70
3749,2,1,70
3751,2,1,70
3750,2,1,70
3752,2,1,70
3753,2,1,70
3755,2,1,70
3756,2,1,70
3757,2,1,70
3754,2,1,70
3758,2,1,70
3759,2,1,70
3760,2,1,70
3761,3,2,190
3763,2,2,190
3762,2,2,190
3764,2,2,190
3766,2,2,190
3765,3,2,190
3767,2,1,70
3692,2,2,140
3693,2,1,70
3695,2,1,70
3694,3,2,190
3696,2,2,190
3698,2,2,190
3697,2,2,190
3700,2,2,190
3699,3,2,190
3701,2,1,70
3702,2,1,70
3703,2,1,70
3704,2,1,70
3705,2,1,70
3706,2,1,70
3707,2,1,70
4129,2,1,70
3708,2,1,70
3709,2,1,70
3710,2,1,70
3711,2,1,70
3712,2,1,70
3713,2,1,70
3714,2,1,70
3715,2,1,70
3716,2,1,70
3717,2,1,70
3718,2,1,70
3676,2,1,25
6912,2,1,25
6913,2,1,25
6915,2,1,25
6917,4,2,101
3797,2,1,25
3796,2,1,25
3799,2,1,25
3798,2,1,25
3800,2,1,25
3801,2,1,25
3802,2,1,25
3771,2,2,50
3772,2,1,25
3770,2,1,25
3774,2,1,25
3674,2,1,25
3775,2,1,25
3776,2,1,25
3673,4,2,101
7345,2,1,25
7346,2,1,25
7337,2,1,25
7338,2,1,25
7339,2,1,25
4235,3,2,101
6918,2,2,101
6916,2,2,101
6914,2,2,101
6911,2,2,101
6910,2,2,101
3829,2,1,60
3830,2,1,60
3832,2,1,60
3831,2,1,60
3833,2,1,60
3834,2,1,60
3823,2,1,60
3836,2,1,60
3837,2,1,60
3838,2,1,60
3817,2,1,60
3842,2,1,60
3845,2,1,60
3820,2,1,60
3819,2,1,60
3846,2,1,60
3848,2,1,60
3835,2,1,60
3808,2,1,60
3810,2,1,60
3809,2,1,60
3813,2,1,60
3807,2,1,60
3853,2,1,60
3854,2,1,60
3855,2,1,60
3426,2,1,60
3804,2,1,60
3805,2,1,60
3806,2,1,60
3852,2,1,60
3847,2,1,60
3849,2,1,60
3851,2,1,60
3850,2,1,60
3221,2,1,60
3222,2,1,60
3223,2,1,60
3244,2,1,60
3812,2,1,60
3818,2,1,60
3841,2,1,60
3815,2,1,60
3839,2,1,60
3816,2,1,60
3814,2,1,60
3821,2,1,60
3822,2,1,60
3824,2,1,60
3825,2,1,60
3826,2,1,60
3827,2,1,60
3828,2,1,60
3875,2,1,35
3877,2,1,35
3878,2,1,35
3879,2,1,35
3881,2,1,35
3880,2,1,35
3883,2,1,35
3882,2,1,35
3884,2,1,35
3885,2,1,35
3888,2,1,35
3886,2,1,35
3889,2,1,35
3887,2,1,35
3890,2,1,35
3891,2,1,35
3892,2,1,35
3893,2,1,35
3856,2,1,35
3857,2,1,35
3858,2,1,35
3859,2,1,35
3860,2,1,35
3861,2,1,35
3862,2,1,35
3863,2,1,35
3865,2,1,35
3864,2,1,35
3866,2,1,35
3867,2,1,35
3868,2,1,35
3870,2,1,35
3869,2,1,35
3872,2,1,35
3871,2,1,35
3873,2,1,35
3905,2,2,280
3906,2,1,140
3907,2,1,140
3908,2,1,140
3909,2,1,140
3910,2,1,140
3913,2,1,140
3911,2,1,140
3912,2,1,140
3914,2,1,140
3915,2,1,140
3916,2,1,140
3894,2,1,140
3896,2,1,140
3895,2,1,140
3897,2,1,140
3898,2,1,140
3899,2,1,140
3900,2,1,140
3901,2,1,140
3902,2,1,140
3903,2,1,140
3904,2,1,140
3933,2,2,123
3935,2,1,60
3934,2,1,60
3936,2,1,60
3948,2,1,60
3937,2,1,60
3946,2,1,63
3969,2,1,63
3942,2,1,63
3959,2,1,63
3947,2,1,63
7363,2,2,140
2817,2,1,70
2816,2,1,70
3955,2,1,70
2823,2,1,70
2821,2,1,70
7539,2,1,70
2797,2,1,70
2796,2,1,70
2802,2,1,70
3957,2,2,100
3958,2,1,50
3960,2,1,50
3961,2,1,50
3963,2,1,50
3965,2,1,50
3966,2,1,50
3968,2,1,50
3977,2,1,50
3970,2,1,50
3978,2,1,50
3981,2,1,50
3972,2,1,50
3973,2,1,50
3975,2,1,50
3976,2,1,50
3979,2,1,50
3985,2,1,50
3980,2,1,50
3982,2,1,50
3987,2,1,50
3984,2,1,50
3988,2,1,50
3986,2,1,50
3992,2,1,50
4020,2,1,50
4021,2,1,50
4022,2,1,50
4023,2,1,50
4024,2,1,50
4027,2,1,50
4025,2,1,50
4030,2,1,50
4026,2,1,50
4028,2,1,50
4029,2,1,50
4031,2,1,50
4033,2,1,50
4034,2,1,50
4032,2,1,50
4036,2,1,50
4035,2,1,50
4038,2,1,50
4037,2,1,50
4039,2,1,50
4040,2,1,50
4041,2,1,50
4045,2,1,50
4042,2,1,50
4019,2,2,240
4047,2,1,120
4043,2,1,120
4015,2,1,120
4046,2,1,120
4044,2,1,120
4048,2,1,120
4049,2,1,120
4051,2,1,120
4050,2,1,120
4054,2,1,120
4052,2,1,120
4053,2,1,120
4055,2,1,120
4056,2,1,120
4059,2,1,120
4057,2,1,120
4060,2,1,120
4061,2,1,120
4063,2,1,120
3998,2,1,120
4000,2,1,120
3993,2,1,120
4008,2,1,120
3999,2,1,120
4010,2,1,120
4001,2,1,120
4003,2,1,120
4012,2,1,120
4005,2,1,120
4014,2,1,120
4007,2,1,120
4009,2,1,120
4011,2,1,120
4013,2,1,120
4016,2,1,120
4130,2,1,120
4017,2,1,120
4018,2,1,120
7508,2,2,124
4138,2,1,62
4076,2,1,62
4078,2,1,62
4084,2,1,62
4081,2,1,62
4083,2,1,62
4087,2,1,62
4085,2,1,62
4089,2,1,62
1034,2,1,62
3279,2,1,62
4556,2,1,62
4458,2,1,62
4460,2,1,62
4456,2,1,62
4457,2,1,62
4499,2,1,62
4077,2,1,62
4067,2,1,62
4079,2,1,62
4080,2,1,62
4082,2,1,62
4071,2,1,62
4072,2,1,62
4074,2,1,62
4137,2,1,62
672,2,1,114
674,2,1,114
677,2,1,114
676,2,1,114
679,2,1,114
678,2,1,114
681,2,1,114
680,2,1,114
683,2,1,114
682,2,1,114
685,2,1,114
684,2,1,114
687,2,1,114
686,2,1,114
689,2,1,114
688,2,1,114
691,2,1,114
690,2,1,114
693,2,1,114
692,2,1,114
653,2,1,114
652,2,1,114
655,2,1,114
654,2,1,114
657,2,1,114
656,2,1,114
659,2,1,114
658,2,1,114
661,2,1,114
660,2,1,114
662,2,1,114
663,2,1,114
664,2,1,114
665,2,1,114
4159,2,1,114
667,2,1,114
666,2,1,114
669,2,1,114
668,2,1,114
671,2,1,114
3677,2,1,76
6919,2,1,76
6921,2,1,76
6923,2,1,76
6925,2,1,76
6927,2,1,76
6929,2,1,76
3668,2,1,76
3661,2,2,152
6930,2,1,76
6928,2,1,76
6926,2,1,76
6924,2,1,76
6920,2,1,76
3174,2,1,49
3177,2,1,49
3178,2,1,49
3180,2,1,49
3181,2,1,49
3165,2,1,49
3167,2,1,49
3169,2,1,49
3172,2,1,49
3171,2,1,49
3173,2,1,49
4113,2,1,95
4105,2,1,95
4117,2,1,95
4106,2,1,95
4118,2,1,95
4107,2,1,95
4119,2,1,95
4108,2,1,95
4120,2,1,95
4109,2,1,95
4121,2,1,95
4110,2,1,95
4122,2,1,95
4123,2,1,95
4116,2,1,95
4115,2,1,95
7119,2,1,95
4086,2,2,190
7118,2,1,95
4091,2,1,95
4088,2,1,95
4093,2,1,95
4090,2,1,95
4092,2,1,95
4095,2,1,95
4094,2,1,95
4097,2,1,95
4096,2,1,95
4099,2,1,95
4098,2,1,95
4100,2,1,95
4103,2,1,95
4101,2,1,95
4111,2,1,95
4102,2,1,95
4104,2,1,95
7178,2,2,46
7189,4,4,112
7181,2,1,28
7180,2,2,56
7182,2,1,28
7183,2,1,28
7184,2,1,28
7185,2,1,28
7186,2,1,28
7206,2,1,28
7201,2,1,28
7205,2,1,28
7202,2,1,28
7196,2,2,56
7197,2,2,56
7198,2,2,56
7194,2,1,28
7192,2,1,28
7190,2,2,56
7191,2,1,28
7193,2,1,28
7199,2,1,28
7200,2,1,28
7195,2,1,28
7203,2,1,28
7204,2,1,28
